"node1","node2","bact2_w0_net","bact2_w24_net"
"Node9","Node1","0.00181267476185067","0"
"Node50","Node1","0","0"
"Node113","Node1","0.0463135372607236","0"
"Node122","Node1","0.106559135743348","0"
"Node23","Node2","0.037649257098807","0.024126986528382"
"Node30","Node2","0.170247973809644","0"
"Node46","Node2","0.10905158135324","0"
"Node53","Node2","0.00302455110665647","0"
"Node65","Node2","0.0819092378157415","0.0901636213486967"
"Node82","Node2","0.0271023871035855","0"
"Node86","Node2","0","0.00488042629123276"
"Node32","Node3","0.000674966272612866","0.184803176814819"
"Node61","Node4","0.0194555942489578","0.0959108237129211"
"Node64","Node4","0.135891560141709","0.0176487515253502"
"Node92","Node4","0.0818135348932824","0"
"Node94","Node4","0.0971414631456052","0"
"Node82","Node5","0","0"
"Node7","Node6","0.245855099271439","0.1448322900031"
"Node82","Node6","0.0424719370344674","0"
"Node91","Node6","0.0573278123022078","0"
"Node73","Node7","0.023327369927533","0.000204419561263059"
"Node90","Node7","0.0197296413644729","0.0603248837660566"
"Node91","Node7","0.0731710072417509","0.0583130686526537"
"Node91","Node8","0.0674583356727547","0.040462665078133"
"Node93","Node9","0.0945357809156051","0.0737172644403701"
"Node97","Node9","0.0665184688321367","0"
"Node26","Node10","0.012996019075273","0"
"Node54","Node10","0.0123774285746329","0"
"Node77","Node10","0.131319724828913","0"
"Node96","Node10","0.0650095723551767","0"
"Node81","Node11","0.0539294418463336","0"
"Node89","Node11","0.0985465389678971","0"
"Node125","Node11","0.0288584722393268","0"
"Node30","Node13","0.068944123745216","0"
"Node31","Node13","0.170774408827682","0"
"Node32","Node13","0.119367873160283","0"
"Node43","Node13","0.0496332354925084","0"
"Node44","Node13","0.101349368202099","0"
"Node45","Node13","0.088696403344949","0"
"Node48","Node13","0.204452973885311","0.0473998567683573"
"Node51","Node13","0.0601175489377952","0"
"Node60","Node13","0.00251386537747762","0"
"Node62","Node13","0.0118749677184256","0.0227796493087886"
"Node65","Node13","0.00735564678418621","0"
"Node15","Node14","0.150577473209552","0.186150956691065"
"Node19","Node14","0.0110187429272076","0"
"Node22","Node14","0","0"
"Node28","Node14","0.141954656333013","0.0181537233188131"
"Node30","Node14","0.0085100991176625","0"
"Node31","Node14","0.0019672597533748","0"
"Node32","Node14","0.0680180651749498","0"
"Node45","Node14","0.197075929822178","0.0177146876106496"
"Node51","Node14","0.0461041241758205","0"
"Node60","Node14","0.0110450099249298","0"
"Node62","Node14","0.0817517279681865","0"
"Node9","Node15","0.0265606090547629","0"
"Node19","Node15","0.0331578252689724","0"
"Node22","Node15","0.00410381434689376","0.037497038199771"
"Node23","Node15","0.0238963609616726","0.0162332080035517"
"Node26","Node15","0.205639170920155","0.124714379270549"
"Node27","Node15","0.148096556246699","0"
"Node28","Node15","0.189023745092099","0.137871112526687"
"Node30","Node15","0.111421461898469","0.0287175553305621"
"Node31","Node15","0.104376180546192","0.0153417823598014"
"Node32","Node15","0.0569729435402595","0"
"Node35","Node15","0.0743711597301307","0"
"Node41","Node15","0.0116104613155566","0"
"Node42","Node15","0.0617941787190181","0"
"Node44","Node15","0.00185976763239032","0"
"Node45","Node15","0.0931284566276908","0.0854499972515257"
"Node46","Node15","0.109553585392021","0.00391170969187874"
"Node51","Node15","0.0291990379846513","0"
"Node65","Node15","0.0013285003846617","0"
"Node67","Node15","0.167063287079682","0.0325104554327585"
"Node75","Node15","0.0304046694817203","0"
"Node85","Node15","0","0"
"Node93","Node15","0.0149944025546887","0"
"Node95","Node15","0.00857723286968497","0"
"Node96","Node15","0.00135162968053989","0.0222403705421667"
"Node23","Node16","0.0173895173555522","0.0395393791958826"
"Node28","Node16","0","0"
"Node55","Node16","0","0.0387195289578843"
"Node95","Node16","0.0152658519262499","0"
"Node69","Node17","0.0322946750507758","0"
"Node88","Node17","0.00337089492599337","0"
"Node19","Node18","0.0840768829448068","0"
"Node39","Node18","0.0356159897447487","0"
"Node43","Node18","0.035399561902304","0.062493964476638"
"Node46","Node18","0.0108975189136728","0"
"Node47","Node18","0.0698066945975527","0"
"Node50","Node18","0.0813774703516747","0.0284992751373914"
"Node52","Node18","0.113987622521001","0"
"Node54","Node18","0.139504563778049","0.0578586788347756"
"Node56","Node18","0.152299870903713","0"
"Node59","Node18","0.108591105977132","0.0174865748276484"
"Node72","Node18","0.0652195199662357","0"
"Node74","Node18","0.107820852696128","0"
"Node78","Node18","0.00918873056220668","0"
"Node82","Node18","0.0939623488314427","0"
"Node84","Node18","0.00156449982230526","0"
"Node85","Node18","0","0"
"Node86","Node18","0.0139840468931639","0.00837830919272431"
"Node91","Node18","0.107592813227099","0"
"Node97","Node18","0.104735658728545","0"
"Node9","Node19","0.0784296718108367","0.0130052046198527"
"Node23","Node19","0.144407321438807","0"
"Node28","Node19","0.0374349891901442","0.00269239261693487"
"Node30","Node19","0.0276100191321374","0"
"Node35","Node19","0.09172002913941","0"
"Node43","Node19","0.0994512387658735","0.00520808131540106"
"Node45","Node19","0.0824364494052578","0"
"Node47","Node19","0.0599626506964588","0.0121060706023472"
"Node49","Node19","0","0"
"Node50","Node19","0.109666320080038","0"
"Node54","Node19","0.100518410394339","0.0604771969595133"
"Node59","Node19","0.0212216207563697","0.0198147357322769"
"Node65","Node19","0.00763479743620976","0"
"Node67","Node19","0.00779738140322839","0"
"Node72","Node19","0.0533755195946833","0"
"Node73","Node19","0.0147364113289561","0"
"Node74","Node19","0.0495285919789494","0.110822684308193"
"Node75","Node19","0.0210587932484141","0"
"Node83","Node19","0","0"
"Node84","Node19","0","0"
"Node85","Node19","0","0"
"Node86","Node19","0.139881307489852","0.0152123691705571"
"Node93","Node19","0.00396300062492701","0"
"Node97","Node19","0","0"
"Node57","Node20","0.0190161867606943","0"
"Node38","Node21","0.013255877787907","0"
"Node61","Node21","0.0568984420877005","0"
"Node25","Node22","0.0114155340398463","0.106414429726356"
"Node28","Node22","0.0917660805315301","0.0528419038898953"
"Node30","Node22","0.172212973620834","0.0969819536258329"
"Node46","Node22","0.194920764493415","0.0296365753975229"
"Node47","Node22","0.0525739344372155","0.124300199105274"
"Node86","Node22","0","0"
"Node9","Node23","0.0225522323788311","0"
"Node26","Node23","0.0751980770876542","0"
"Node28","Node23","0.123710012955221","0.0188585749500071"
"Node30","Node23","0.186506563541218","0.0288599573760846"
"Node47","Node23","0.198960248975966","0.115342045471338"
"Node49","Node23","0.0896987894390394","0.0541627898908658"
"Node50","Node23","0.042763505481756","0.0496355878559411"
"Node54","Node23","0.0704689447084328","0.129308041272296"
"Node56","Node23","0.0204704884722475","0.002362069833913"
"Node65","Node23","0.00119811042791197","0.0901636213486967"
"Node84","Node23","0.00684672991063116","0"
"Node27","Node24","0.00968549332275599","0"
"Node42","Node24","0.0248761416902369","0.00799596265607621"
"Node64","Node24","0.00519147765351425","0"
"Node69","Node24","0.020048550564403","0"
"Node72","Node24","0.0584369109771942","0"
"Node93","Node24","0.247939479635992","0"
"Node44","Node25","0.000256050227298182","0"
"Node49","Node25","0.0331400555418316","0.145547844398277"
"Node28","Node26","0.00516485790493353","0.0887903647248137"
"Node30","Node26","0.176590746469681","0.0460514751706136"
"Node31","Node26","0.0854732432599192","0.0970501778852762"
"Node37","Node26","0.000463577411971047","0"
"Node41","Node26","0.0786367464029129","0.0369315665988336"
"Node44","Node26","0.110280983087493","0.0784988863556158"
"Node45","Node26","0.0111384136452161","0.0846410779488348"
"Node46","Node26","0.0287269561197906","0.0617934957958829"
"Node49","Node26","0.107227619466717","0.0570695213624864"
"Node51","Node26","0.24792383075613","0.00877658673120429"
"Node54","Node26","0.136306586366769","0"
"Node62","Node26","0.0678869504684781","0"
"Node65","Node26","0.0879653829903783","0"
"Node67","Node26","0.0240039151800567","0.130455514523359"
"Node77","Node26","0.0209291522476914","0"
"Node78","Node26","0.0605758597341697","0.0174007169548431"
"Node82","Node26","0","0.116032560247052"
"Node31","Node27","0.0993145677004745","0"
"Node32","Node27","0.0940258767336533","0"
"Node41","Node27","0.0816984084794666","0.0555633062460942"
"Node42","Node27","0.142617150425755","0"
"Node52","Node27","0.0147063576881199","0"
"Node64","Node27","0.092724629109104","0"
"Node67","Node27","0.0846498263776133","0"
"Node72","Node27","0.121608902380459","0"
"Node74","Node27","0.0546820320412061","0"
"Node82","Node27","0","0"
"Node87","Node27","0.0580405043253047","0"
"Node94","Node27","0.151320392483211","0"
"Node97","Node27","0.0492631459607317","0"
"Node9","Node28","0.0982071909827037","0"
"Node30","Node28","0.0980788611075929","0.0255402423669546"
"Node31","Node28","0.0196850157147591","0.0639987413477237"
"Node39","Node28","0","0.0532177389089093"
"Node44","Node28","0.0444389852294232","0.0623841426860879"
"Node45","Node28","0.147558304796305","0.0718415481179642"
"Node46","Node28","0.0559451267677743","0.0937754150690982"
"Node47","Node28","0.00304425884437471","0.0646877415928368"
"Node48","Node28","0.0721978681827197","0"
"Node49","Node28","0.0336716414825039","0.0450787205012191"
"Node50","Node28","0","0.0427619367018036"
"Node53","Node28","0","0"
"Node54","Node28","0.0272063950795865","0.0187312141997625"
"Node60","Node28","0.0644540003647753","0.0694646144351303"
"Node67","Node28","0.107108274534074","0.00636590099451266"
"Node82","Node28","0","0.0197647150175667"
"Node84","Node28","0.0192788397264082","0.00831768550787901"
"Node85","Node28","0.071792782488727","0.0574663018602183"
"Node95","Node28","0.176369430244382","0.0301615703636874"
"Node96","Node28","0.0284381092397482","0.0263715160237254"
"Node5","Node29","0.01312674592156","0.00650875904317091"
"Node30","Node29","0.0603558758199095","0.0761215280916949"
"Node41","Node29","0.0178500474011332","0"
"Node44","Node29","0.0265000356893386","0"
"Node46","Node29","0.0419503520047624","0.0834028260392493"
"Node49","Node29","0","0.0176038153540369"
"Node56","Node29","0.0756418999279956","0"
"Node78","Node29","0.143255491423243","0.0433014701039883"
"Node79","Node29","0.0752351672072519","0.0695856020124762"
"Node82","Node29","0.0632538870091346","0.00023471965542312"
"Node84","Node29","0.116486718192732","0.0122245753130971"
"Node85","Node29","0.0207635154787041","0"
"Node86","Node29","0","0.0151344735123937"
"Node97","Node29","0.0949237924671692","0"
"Node9","Node30","0.0343480057031423","0.0869073962452916"
"Node31","Node30","0.116322291858122","0.148854590966404"
"Node39","Node30","0","0.0829587076220172"
"Node41","Node30","0.047760255695978","0.217073816456629"
"Node43","Node30","0.192797522294398","0.0173551342864894"
"Node44","Node30","0.0786294576961476","0.0254315506905359"
"Node45","Node30","0.0882579112929717","0.134021506872982"
"Node46","Node30","0.194813648929798","0.0975358816739639"
"Node47","Node30","0.0775871225687059","0"
"Node48","Node30","0.021957893965722","0"
"Node49","Node30","0.0794328112386907","0"
"Node50","Node30","0.171845552262031","0.0200506792707893"
"Node51","Node30","0.168742778732968","0"
"Node52","Node30","0","0"
"Node53","Node30","0.0700759963633621","0"
"Node54","Node30","0.0511537524282406","0"
"Node56","Node30","0.100225157117094","0"
"Node59","Node30","0.0382680241729106","0.0357531995276646"
"Node62","Node30","0.0128675352601703","0"
"Node65","Node30","0.142635739029322","0.0432159903488554"
"Node67","Node30","0.0243444168517734","0"
"Node72","Node30","0.00427097276143403","0"
"Node73","Node30","0.0174488061425657","0"
"Node74","Node30","0.0826932736583177","0.0022451694911382"
"Node77","Node30","0.00670016055600541","0.0125502081002833"
"Node78","Node30","0.139049599122618","0.0550613676912452"
"Node82","Node30","0.0751355489350441","0.0111881048547128"
"Node83","Node30","0.0661884472985324","0"
"Node84","Node30","0.0235142758700606","0.00636477419562543"
"Node85","Node30","0.0315500258017152","0"
"Node86","Node30","0.128371319588164","0"
"Node91","Node30","0.0842048405640321","0"
"Node97","Node30","0.026715304355549","0"
"Node32","Node31","0.252321437195054","0.184803176814819"
"Node37","Node31","0.0121920578734505","0"
"Node39","Node31","0","0"
"Node43","Node31","0.0398085287121229","0"
"Node44","Node31","0.20580979058707","0.0133073555654962"
"Node45","Node31","0.155062509597489","0.0905108896571738"
"Node46","Node31","0.0988055538939702","0.0129082838938569"
"Node47","Node31","0.00910305884996176","0"
"Node48","Node31","0.115786268933171","0"
"Node49","Node31","0.0303868801657505","0.0302179086060008"
"Node50","Node31","0.0035609159454757","0"
"Node51","Node31","0.111753013008648","0"
"Node56","Node31","0.0007881619175467","0"
"Node62","Node31","0","0"
"Node65","Node31","0.0293171787177023","0"
"Node68","Node31","0.00157633812134288","0"
"Node72","Node31","5.22301647027803e-05","0"
"Node74","Node31","0.140103853358929","0"
"Node77","Node31","0.111349267782685","0.0202248273833364"
"Node78","Node31","0.00565956551666076","0"
"Node82","Node31","0.113724533591272","0"
"Node91","Node31","0.130446346918246","0"
"Node6","Node32","0.0455444712864495","0"
"Node37","Node32","0.140208001174183","0"
"Node42","Node32","0.000298739285321168","0"
"Node44","Node32","0.0174045946492831","0"
"Node45","Node32","0.082975975861087","0.0593015257788798"
"Node60","Node32","0.226813426933512","0"
"Node87","Node32","0.00393050309894982","0"
"Node8","Node34","0.23707704413117","0.0642816395921381"
"Node94","Node34","0.0181237785282783","0.0137573985122151"
"Node6","Node35","0","0.0363016525443897"
"Node7","Node35","0.0176509995256197","0.0233630843227693"
"Node45","Node35","0.0326649893725022","0.0235511513246414"
"Node49","Node35","0.0162164041710278","0"
"Node72","Node35","0.230188069534712","0.00283615253419151"
"Node86","Node35","0.0510387886678888","0"
"Node44","Node36","0.0171991404850829","0.0239148917327904"
"Node44","Node37","0.145209372155855","0"
"Node49","Node37","0.183659983929104","0"
"Node58","Node37","0.155893075055452","0"
"Node60","Node37","0.0757892544552533","0"
"Node62","Node37","0.0876094701985283","0"
"Node77","Node37","0.126518173178968","0"
"Node87","Node37","0.0835266340213034","0"
"Node44","Node39","0.00589560906931408","0"
"Node46","Node39","0.00105989623317173","0"
"Node47","Node39","0.0286436358359148","0.0339049191513719"
"Node49","Node39","0.0217418465216791","0"
"Node50","Node39","0.0509156985205894","0"
"Node54","Node39","0.164335416467953","0.0531196533688934"
"Node56","Node39","0.0332963588076324","0"
"Node72","Node39","0.0135796738596763","0"
"Node73","Node39","0.00185021129218132","0"
"Node74","Node39","0.147731051959526","0"
"Node76","Node39","0.0699963452130712","0.0117199755727418"
"Node82","Node39","0.00588697672049154","0.00578028626807163"
"Node84","Node39","0.308801798985676","0.0225969320061891"
"Node59","Node40","0","0"
"Node79","Node40","0.0135815501599303","0"
"Node82","Node40","0.00557416797594232","0"
"Node45","Node41","0.0427020645050286","0.12394062437761"
"Node46","Node41","0.136739577754419","0.0243896505279414"
"Node51","Node41","0.142286903610734","0"
"Node53","Node41","0.110387046792655","0.0344299672008471"
"Node54","Node41","0.00691697787782329","0.00129096077817281"
"Node61","Node41","0.0534449985238973","0"
"Node62","Node41","0","0.101437184015407"
"Node64","Node41","0.0119891025998439","0"
"Node67","Node41","0.0705610090934674","0.0711195420955861"
"Node76","Node41","0.240456002256612","0"
"Node77","Node41","0.0133689894781857","0"
"Node78","Node41","0.0770727220945873","0"
"Node82","Node41","0.121918597488528","0.0385299046122882"
"Node83","Node41","0.147785693521331","0.0037572616487008"
"Node97","Node41","0.0838456995442899","0.015760640660773"
"Node45","Node43","0.00528313912130576","0.0958468494101448"
"Node46","Node43","0.0717295732660431","0"
"Node47","Node43","0.0506335543448465","0"
"Node48","Node43","0.0740541496498125","0"
"Node50","Node43","0.0207464174352481","0"
"Node53","Node43","0","0"
"Node55","Node43","0.100697151340511","0"
"Node59","Node43","0.0520357093926127","0"
"Node71","Node43","0.0675093707573491","0"
"Node74","Node43","0.107870126289929","0.0349067477083824"
"Node83","Node43","0.0114188791477148","0"
"Node84","Node43","0.180428332516899","0.12204912748565"
"Node85","Node43","0.0159955033086358","0"
"Node86","Node43","0.0245020635295768","0.0511106006463852"
"Node97","Node43","0.00956858610342464","0"
"Node5","Node44","0.0232697403530237","0.0297681942841999"
"Node9","Node44","0.0762520758619415","0.00518960030709335"
"Node45","Node44","0.0892212766565751","0.114526968925914"
"Node46","Node44","0.0674936243343192","0"
"Node49","Node44","0.108065685176812","0.0566182045149544"
"Node62","Node44","0.0314078304947658","0.145655809765123"
"Node74","Node44","0.194019199087126","0.00214393487183431"
"Node77","Node44","0.00983405501285134","0"
"Node82","Node44","0.0185450968169226","0"
"Node86","Node44","0","0.00643346700428494"
"Node96","Node44","0.036100268025605","0.111148769396472"
"Node7","Node45","0.128976199979088","0.00854960520082577"
"Node46","Node45","0.13562588772754","0.0147139709246425"
"Node49","Node45","0.0787841043658186","0.0305757058607637"
"Node51","Node45","0.0389160046645342","0"
"Node53","Node45","0.032806428885056","0.0456117595834266"
"Node55","Node45","0.0573573079178692","0.014249822861438"
"Node65","Node45","0.114852721564723","0"
"Node67","Node45","0.0912544102633799","0.113375024429004"
"Node73","Node45","0.139560205858425","0"
"Node86","Node45","0.0391229895349495","0"
"Node91","Node45","0.0513985048887984","0.0198536039345887"
"Node95","Node45","0.00388141098956228","0.0187562253519696"
"Node9","Node46","0","0"
"Node47","Node46","0.0737674790862125","0"
"Node59","Node46","0","0"
"Node63","Node46","0.0797650980500832","0"
"Node65","Node46","0.0698852695645162","0"
"Node67","Node46","0.0527247175404702","0.000999170635161076"
"Node75","Node46","0.0670123401910306","0"
"Node78","Node46","0.0323062358057924","0.0179431395201201"
"Node83","Node46","0","0"
"Node84","Node46","0.0258143263094779","0.0193959823805638"
"Node85","Node46","0.0733214868367338","0.0438119120108762"
"Node86","Node46","0.0790449793582333","0"
"Node48","Node47","0.0452560059731072","0"
"Node50","Node47","0.141342189630114","0.0467856107388876"
"Node54","Node47","0.0173814721318035","0.0190506058265435"
"Node56","Node47","0.0950271373602614","0.0244005514062201"
"Node58","Node47","0.0140385090371114","0"
"Node67","Node47","0.00788397853870513","0.0349300268419615"
"Node73","Node47","0","0"
"Node74","Node47","0.0245300291450305","0"
"Node84","Node47","0.08777851725284","0"
"Node85","Node47","0","0"
"Node51","Node48","0.00443067811364876","0.00142707137589016"
"Node54","Node48","0.0101105957321234","0"
"Node65","Node48","0.101841705924999","0"
"Node72","Node48","0.0020964725310893","0"
"Node85","Node48","0.00384962366739232","0"
"Node91","Node48","0.0864537457202796","0"
"Node5","Node49","0.0856971340478718","0.083843930630725"
"Node7","Node49","0.0400548183641309","0"
"Node9","Node49","0.0540834901920146","0"
"Node50","Node49","0.0206537235717012","0.0188686621931744"
"Node53","Node49","0.0239696216390341","0"
"Node54","Node49","0.0602290325017738","0.00314774172594174"
"Node56","Node49","0.0690680503368633","0.00911306786031671"
"Node65","Node49","0.0517575077647651","0"
"Node74","Node49","0.0276618224296711","0"
"Node77","Node49","0.136004512412295","0"
"Node82","Node49","0.11966785895875","0"
"Node84","Node49","0.130384938607423","0.0198793845237074"
"Node86","Node49","0.0509444814289315","0"
"Node96","Node49","0.175083015492785","0.0485828700574613"
"Node9","Node50","0.048524771056568","0"
"Node54","Node50","0.104246437977374","0"
"Node56","Node50","0.160410269592428","0"
"Node72","Node50","0.0219023436463735","0"
"Node84","Node50","0.0658637659117778","0.00757762011838391"
"Node85","Node50","0.113077558132443","0.00568924981940226"
"Node86","Node50","0.00127737274009042","0"
"Node91","Node50","0.0536273234413112","0"
"Node97","Node50","0.00561990661478144","0"
"Node54","Node51","0.0223687667550986","0"
"Node62","Node51","0.12775254284548","0.0686988108930588"
"Node65","Node51","0.0409376609467874","0"
"Node77","Node51","0.0525875002549279","0"
"Node78","Node51","0.0314938150178445","0"
"Node89","Node51","0.0609397155939531","0"
"Node91","Node51","0.0762953560218527","0"
"Node56","Node52","0.0826665454773691","0"
"Node57","Node52","0.00991187215412031","0"
"Node59","Node52","0.0281832368025928","0"
"Node69","Node52","0.03118739280856","0"
"Node72","Node52","0.0474320887320255","0"
"Node85","Node52","0","0.0455448124823439"
"Node97","Node52","0.127644577807417","0"
"Node9","Node53","0.0573966046018962","0"
"Node55","Node53","0.102641774869942","0"
"Node63","Node53","0","0"
"Node69","Node53","0.0136148721048921","0"
"Node70","Node53","0.0026209656258795","0"
"Node72","Node53","0.0752138219716323","0"
"Node73","Node53","0.0120640412774581","0.0196534261779811"
"Node76","Node53","0.0163128766732089","0.0754671047746828"
"Node82","Node53","0.0921094158446969","0"
"Node84","Node53","0.0869781928197013","0"
"Node85","Node53","0.0191532601305502","0"
"Node86","Node53","0.00447374008183671","0.126650463644835"
"Node88","Node53","0","0"
"Node93","Node53","0.084704078145362","0.0756211151906968"
"Node97","Node53","0.0663320477093343","0.0551598380981012"
"Node9","Node54","0.0338007898367788","0.0172683926799526"
"Node56","Node54","0.192133128636896","0.0886662289734955"
"Node58","Node54","0.014202135655312","0"
"Node67","Node54","0.000937707841625526","0"
"Node73","Node54","0.00518387318598626","0"
"Node74","Node54","0.0562451277828824","0"
"Node76","Node54","0.18424929023079","0.0559929819098458"
"Node78","Node54","0.0377201490077753","0.0538258483152114"
"Node82","Node54","0.0326957504270572","0"
"Node84","Node54","0.0897456386123035","0.0274184902066102"
"Node85","Node54","0.082614057407822","0.0280631259650652"
"Node86","Node54","0.0259656406932736","0.0222985431396896"
"Node96","Node54","0.00444609116159129","0"
"Node73","Node55","0.224391675549865","0"
"Node6","Node56","0.0253236344867479","0"
"Node9","Node56","0.0156836386158712","0"
"Node67","Node56","0.0727079586173184","0"
"Node72","Node56","0.0868313450976471","0"
"Node74","Node56","0.0192682892294047","0"
"Node78","Node56","0.011299693181425","0"
"Node82","Node56","0.0918619249608867","0"
"Node84","Node56","0.125296524514975","0.0340291660846525"
"Node85","Node56","0.0895018957880807","0.0476969404827239"
"Node86","Node56","0","0"
"Node93","Node56","0","0"
"Node97","Node56","0.122451903432891","0.0444222254857667"
"Node70","Node59","0","0"
"Node71","Node59","0","0.14842560116267"
"Node78","Node59","0.0189025516615408","0"
"Node79","Node59","0","0.0278695511098101"
"Node82","Node59","0.00973612388249197","0"
"Node86","Node59","0","0"
"Node91","Node59","0.0900422233274886","0"
"Node97","Node59","0.0959130152934265","0.00528407624099047"
"Node62","Node60","0.179615759742432","0.062165408396867"
"Node63","Node61","0","0"
"Node64","Node61","0.241567364457328","0.121427322324631"
"Node94","Node61","0.0601786992105774","0"
"Node9","Node62","0.0724773479505946","0.100407210621734"
"Node65","Node62","0.00152182767946439","0"
"Node82","Node62","0.0298931143000785","0"
"Node75","Node63","0.0396083797878623","0.016997518095073"
"Node75","Node64","0.0455784774309761","0"
"Node83","Node64","0.0116524120151966","0"
"Node94","Node64","0.124657270030397","0"
"Node9","Node65","0.0507405421484968","0"
"Node70","Node65","0.146827012180195","0"
"Node72","Node65","0.0271273538472903","0.0770437962091964"
"Node86","Node65","0.0359885474396938","0"
"Node9","Node67","0.000489649396507879","0.030293078957562"
"Node73","Node67","0.00852398144105155","0"
"Node74","Node67","0.127991910838608","0"
"Node82","Node67","0.0427909872969381","0"
"Node85","Node67","0","0"
"Node93","Node67","0.0904011118669379","0"
"Node97","Node67","0.0674238220227555","0"
"Node9","Node69","0.00676967424569715","0"
"Node72","Node69","0.0139357060218563","0"
"Node88","Node69","0.0248352598357002","0"
"Node93","Node69","0.183227912594649","0"
"Node78","Node70","0.0751370518085347","0"
"Node77","Node71","0.021655713526176","0"
"Node83","Node71","0.00684401466152647","0"
"Node85","Node71","0.137836229321768","0"
"Node91","Node71","0.0538097391776126","0.0583130686526537"
"Node97","Node71","0.0808967119512899","0.0479551359078272"
"Node9","Node72","0.0617618756974326","0"
"Node74","Node72","0.0639208595248529","0"
"Node82","Node72","0","0"
"Node84","Node72","0.032399756779884","0"
"Node86","Node72","0.234054562047536","0"
"Node93","Node72","0.00323435711594284","0"
"Node97","Node72","0.143744416128368","0"
"Node84","Node73","0.00634994733850416","0"
"Node9","Node74","0.00439131816824426","0"
"Node77","Node74","0.0841873563544812","0.0181563247440819"
"Node82","Node74","0.125563727320403","0"
"Node84","Node74","0.0571229990881989","0.132232160111963"
"Node91","Node74","0.00274799018928111","0"
"Node9","Node75","0.0471796353770246","0.0139719832203295"
"Node93","Node75","0.161800607987265","0"
"Node94","Node75","0.0618756073535038","0"
"Node97","Node75","0.00432745002174447","0"
"Node77","Node76","0.0775677708847226","0.0446637372159781"
"Node83","Node76","0.174127089617531","0"
"Node84","Node76","0.0839029262855063","0"
"Node78","Node77","0.250115501780779","0.0688304445581281"
"Node82","Node77","0.12991450189038","0"
"Node84","Node77","0.126891575140572","0.0799993269636562"
"Node97","Node77","0.027806661622473","0.0173169589226901"
"Node79","Node78","0.0127044759559541","0.153977788326225"
"Node82","Node78","0.000170646510864229","0.0656235508953672"
"Node84","Node78","0.026468330178008","0"
"Node88","Node78","0.0896571722364882","0"
"Node92","Node78","0.125849548547061","0"
"Node97","Node78","0.127255597307614","0"
"Node82","Node79","0.0433943735497326","0.0864917405665103"
"Node84","Node79","0.011205060914236","0.0477554679071881"
"Node9","Node82","0.110006663383176","0"
"Node84","Node82","0","0"
"Node86","Node82","0","0"
"Node87","Node82","0","0"
"Node88","Node82","0.00774544614243462","0.0092883530294044"
"Node93","Node82","0","0"
"Node97","Node82","0.101229761897289","0"
"Node9","Node83","0","0"
"Node85","Node83","0.0881629813407866","0"
"Node88","Node83","0.110339516952137","0"
"Node93","Node83","0.0891276882988895","0.0501404580743371"
"Node97","Node83","0.0791800030604736","0"
"Node9","Node84","0.0517233372735969","0"
"Node85","Node84","0.203626732303106","0.0045517913952571"
"Node86","Node84","0.15031310153465","0.074603452889599"
"Node97","Node84","0","0"
"Node9","Node85","0.125331506611414","0.0363975292343476"
"Node86","Node85","0.0445166217714316","0.0989300037080783"
"Node93","Node85","0.111131298430567","0"
"Node97","Node85","0.101505315804511","0.0307513889542152"
"Node9","Node86","0.22017435438915","0.0983899551834747"
"Node93","Node88","0.0379282669993","0"
"Node97","Node88","0.000238220261638708","0"
"Node97","Node93","0.151751588441232","0"
"Node96","Node95","0.0271769706910811","0"
"Node99","Node98","0.111317636506039","0.0355048649737291"
"Node41","Node100","0.0631401324289214","0"
"Node61","Node100","0.0839904557971147","0"
"Node64","Node100","0.154191579946107","0"
"Node90","Node100","0.00387042908846624","0.10282817746215"
"Node94","Node100","0.179208916162525","0"
"Node5","Node101","0.0159797216742886","0"
"Node60","Node101","0.111266575427536","0"
"Node95","Node101","0.0287708104737557","0"
"Node47","Node102","0","0"
"Node74","Node102","0.01505973327554","0"
"Node89","Node102","0.0136377535661146","0"
"Node104","Node102","0.151578898243447","0"
"Node70","Node103","0.0758979420717866","0"
"Node76","Node103","0","0"
"Node19","Node104","0","0"
"Node27","Node104","0.0777795721012282","0.0248691375849634"
"Node35","Node104","0.119743655694156","0"
"Node55","Node104","0.164164684238913","0"
"Node72","Node104","0.093346039160856","0"
"Node73","Node104","0.0934420332457823","0"
"Node74","Node104","0.121117433264193","0"
"Node113","Node104","0.12248008530802","0"
"Node76","Node105","0","0"
"Node90","Node105","0.563675752822181","0.212755348093995"
"Node110","Node105","0.22642014135525","0.00446358218061383"
"Node37","Node106","0.0232010279252042","0"
"Node108","Node106","0.0156235785923838","0"
"Node109","Node106","0.147828723081304","0"
"Node36","Node107","0.0533737258557247","0"
"Node109","Node107","0.0818044444104301","0"
"Node19","Node108","0","0"
"Node28","Node108","0.024066246863632","0"
"Node35","Node108","0.0135521113788336","0"
"Node52","Node108","0.0360164062449001","0"
"Node56","Node108","0.120439695608198","0"
"Node118","Node108","0.103342049603749","0"
"Node64","Node109","0.0449627968745032","0"
"Node111","Node110","0.0480484497758563","0.150822336974356"
"Node8","Node111","0.000478366074887884","0"
"Node41","Node111","0.020418081976283","0"
"Node70","Node111","0.000658823750008492","0"
"Node113","Node112","0.154532112654523","0"
"Node114","Node112","0","0.00425256728246854"
"Node115","Node112","0.0648196079259306","0"
"Node9","Node113","0.114303839415179","0"
"Node23","Node113","0.0120868937528652","0"
"Node27","Node113","0.144071445485494","0"
"Node28","Node113","0.0475000964880747","0"
"Node29","Node113","0.0110178182600011","0"
"Node30","Node113","0.0699574290265209","0.017992367890313"
"Node31","Node113","0.112651146132236","0"
"Node43","Node113","0.0072230637898556","0"
"Node44","Node113","0.0991829335023351","0"
"Node45","Node113","0.0131051048102142","0"
"Node46","Node113","0.0430073855256655","0"
"Node48","Node113","0.0411976590334686","0"
"Node52","Node113","0.0947091842700476","0"
"Node53","Node113","0.15096710463578","0"
"Node56","Node113","0.0230045501592427","0"
"Node59","Node113","0.0490823850694052","0"
"Node62","Node113","0.00997238356224818","0"
"Node69","Node113","0.024057110212135","0.00833841773014032"
"Node70","Node113","0.0795905261164163","0.00234946200894366"
"Node71","Node113","0.0280799555080832","0"
"Node72","Node113","0.0448460574670338","0"
"Node74","Node113","0.016487496148687","0"
"Node82","Node113","0.090154522271396","0"
"Node84","Node113","0.0407554834195384","0"
"Node85","Node113","0.020118758351011","0.0264320207259219"
"Node86","Node113","0.0442422361212014","0"
"Node97","Node113","0.0519414064697134","0"
"Node114","Node113","0.143306539557291","0.0100073797965465"
"Node115","Node113","0.0828965914768061","0"
"Node116","Node113","0.0484213044091124","0"
"Node117","Node113","0.0351608686136719","0"
"Node122","Node113","0.0557103588886077","0"
"Node46","Node114","0.0183563179069366","0"
"Node53","Node114","0.00053539940211174","0.0747715119097992"
"Node63","Node114","0.360580366146086","0"
"Node69","Node114","0.0847372936543846","0.0854917931199208"
"Node82","Node114","0.0501022015101245","0"
"Node86","Node114","0","0"
"Node115","Node114","0.0979670540894126","0.0296324064065249"
"Node117","Node114","0","0"
"Node15","Node115","0.153148195479772","0"
"Node16","Node115","0.112669231265674","0"
"Node22","Node115","0.0532301644738888","0"
"Node23","Node115","0.0678268350498057","0"
"Node26","Node115","0.000218644952470209","0"
"Node27","Node115","0.230308480282586","0"
"Node28","Node115","0.00996469927717992","0"
"Node30","Node115","0.186377993914821","0"
"Node39","Node115","0.00694125292267113","0"
"Node41","Node115","0.0735665817999298","0"
"Node44","Node115","0.096264736284175","0"
"Node45","Node115","0.000179080377388359","0"
"Node46","Node115","0.0665603503229917","0"
"Node53","Node115","0.209388449339267","0"
"Node55","Node115","0.237965018578951","0"
"Node63","Node115","0","0"
"Node65","Node115","0.0836044392788773","0"
"Node76","Node115","0.0817833952587887","0"
"Node83","Node115","0.0666276526046447","0"
"Node9","Node116","0.0496104029013503","0.000492963736305429"
"Node18","Node116","0.0788524066374253","0"
"Node24","Node116","0.0433238603008056","0"
"Node39","Node116","0.0522397789353858","0"
"Node53","Node116","0.142892843324827","0"
"Node54","Node116","0.0355693399160261","0"
"Node56","Node116","0.00334076886111488","0.0102287273824639"
"Node69","Node116","0.18706224573741","0"
"Node72","Node116","0.189144840219882","0.125264713469582"
"Node74","Node116","0.0063356650907974","0"
"Node76","Node116","0.0260723422066383","0.0822776531788659"
"Node82","Node116","0.110617632982604","0"
"Node83","Node116","0","0.0138098535629212"
"Node84","Node116","0.154149138628313","0"
"Node85","Node116","0.0381796254202763","0.0352704819128699"
"Node86","Node116","0.0999781737085769","0.00447202467085688"
"Node88","Node116","0.273216826824102","0"
"Node93","Node116","0.183608036248582","0.021227742840284"
"Node97","Node116","0.128574733191437","0.00712475526804469"
"Node117","Node116","0.135359656893089","0.00604577625111243"
"Node118","Node116","0.0090544550776164","0"
"Node122","Node116","0.0229206637392258","0.00716328870462714"
"Node18","Node117","0.0499015325577198","0"
"Node19","Node117","0","0"
"Node52","Node117","0.0636925288867823","0"
"Node54","Node117","0.0289324592332863","0"
"Node56","Node117","0.141559037929055","0.0180984336039174"
"Node69","Node117","0.0594138486929975","0.0153649230967979"
"Node72","Node117","0.109101807819625","0"
"Node78","Node117","0.000104352526038999","0.0228374100916176"
"Node84","Node117","0.0184560846444036","0"
"Node85","Node117","0","0"
"Node86","Node117","0","0"
"Node88","Node117","0.140335841400295","0"
"Node97","Node117","0","0"
"Node118","Node117","0.214739783158104","0.0669943916223034"
"Node122","Node117","0.0444782568761239","0"
"Node18","Node118","0.368510842275178","0"
"Node19","Node118","0","0.0369829574997306"
"Node30","Node118","0.0131875864448712","0"
"Node54","Node118","0.0120317419092908","0.0115254017698178"
"Node56","Node118","0.209155804296513","0"
"Node59","Node118","0.519753758888996","0.0172630478918977"
"Node69","Node118","0.000540349678396384","0.0325481457240941"
"Node78","Node118","0.0339034466134595","0.0126490501636001"
"Node82","Node118","0.258945707222343","0.00947450380437222"
"Node86","Node118","0.35427564375454","0"
"Node88","Node118","0.0429129985171088","0"
"Node92","Node118","0.0205409836976635","0.0426588994893272"
"Node93","Node118","0","0"
"Node121","Node118","0.166997054694697","0"
"Node3","Node121","0.0367843396930616","0"
"Node51","Node121","0.0681008824882459","0"
"Node89","Node121","0.0674682644336363","0"
"Node124","Node121","0.240138794109434","0"
"Node125","Node121","0.320962022039521","0"
"Node9","Node122","0.0711407350885072","0"
"Node50","Node122","0.0219686803221051","0"
"Node52","Node122","0.0127055222721083","0"
"Node53","Node122","0.00874953825905158","0.0742241309185193"
"Node56","Node122","0","0"
"Node69","Node122","0.140294719918551","0.130416530676153"
"Node72","Node122","0.033237844927161","0"
"Node83","Node122","0","0.016853756108263"
"Node85","Node122","0.191272672935608","0"
"Node86","Node122","0.0771612908126542","0"
"Node91","Node123","0.0747067074785024","0"
"Node99","Node123","0.00281379814589211","0.0458529263108371"
"Node18","Node124","0.110220478446232","0"
"Node26","Node124","0.0644031902557878","0"
"Node51","Node124","0.137772695648924","0"
"Node52","Node124","0","0"
"Node56","Node124","0.0298800635632178","0"
"Node78","Node124","0.0551288679625055","0.14096729537344"
"Node24","Node125","0.0290395757775006","0"
"Node51","Node125","0.00250852161159702","0"
"Node89","Node125","0.706878515643829","0"
"Node13","Node1","0","0.00142244111211146"
"Node90","Node1","0","0.00373043880766227"
"Node125","Node1","0","0.0518993280138649"
"Node33","Node2","0","0.30209899931069"
"Node34","Node2","0","0.124246212678049"
"Node43","Node2","0","0.0191758216681641"
"Node44","Node2","0","0.00292463890532051"
"Node51","Node2","0.24792383075613","0.0106285119335427"
"Node62","Node2","0.0678869504684781","0.0116277188530141"
"Node74","Node2","0.0546820320412061","0.0467021735638866"
"Node83","Node2","0","0.110029264518395"
"Node84","Node2","0","0.218914911369276"
"Node58","Node3","0.155893075055452","0.0132610278891041"
"Node8","Node4","0","0.122677439760016"
"Node54","Node4","0","0.0483375671165159"
"Node75","Node4","0.0670123401910306","0"
"Node87","Node4","0","0.00530717749736134"
"Node54","Node5","0","0.00222038876972847"
"Node55","Node5","0.102641774869942","0.0924205925590376"
"Node84","Node5","0","0.00530325878819103"
"Node85","Node5","0","0.11411303888113"
"Node86","Node5","0","0.0132852195775196"
"Node93","Node5","0","0.0605406061539173"
"Node58","Node10","0","0.0036438663600086"
"Node78","Node10","0","0.171898401047168"
"Node124","Node10","0","0.10897593658527"
"Node12","Node11","0","0.0730985916498082"
"Node26","Node11","0.000218644952470209","0.0559881644841714"
"Node92","Node11","0.0205409836976635","0.024218195199355"
"Node34","Node12","0","0.0959105423137148"
"Node90","Node13","0","0.0184573597820193"
"Node44","Node14","0","0.00193137908766313"
"Node76","Node14","0","0.0334046863403422"
"Node93","Node14","0","0.0204781007423711"
"Node33","Node15","0","0.0023386310730376"
"Node48","Node15","0","0.00864461652856294"
"Node55","Node15","0","0.0954410775697769"
"Node76","Node15","0","0.0589285067889769"
"Node30","Node16","0","0.0072761967268497"
"Node41","Node16","0","0.0210336160961534"
"Node49","Node16","0","0.040488666006094"
"Node60","Node16","0","0.0417240375865337"
"Node62","Node16","0","0.0170177339199791"
"Node88","Node16","0","0.157401788012427"
"Node36","Node18","0","0.0126699979702573"
"Node37","Node18","0","0.0479274027838795"
"Node2","Node19","0","0.00729426341438294"
"Node25","Node19","0","0.0470896617580798"
"Node34","Node19","0","0.0212734933613073"
"Node60","Node19","0","0.0269172056684764"
"Node69","Node19","0","0.0147799335880967"
"Node77","Node19","0","0"
"Node58","Node20","0","0.184120328387692"
"Node78","Node20","0","0.0494265050608686"
"Node79","Node20","0","0.169202655050569"
"Node88","Node20","0","0.0348247028928666"
"Node24","Node21","0","0.00236410785064926"
"Node30","Node21","0","0.0865327022158706"
"Node31","Node21","0","0.0300319027801757"
"Node33","Node21","0","0.0707536840051663"
"Node34","Node21","0","0.0379385701413944"
"Node77","Node21","0","0.00184702470385196"
"Node78","Node21","0","0.0513888577968802"
"Node79","Node21","0","0.0128044194600872"
"Node5","Node22","0","0.0942837717896626"
"Node23","Node22","0","0.024126986528382"
"Node26","Node22","0","0.0128301054305791"
"Node31","Node22","0","0.0738890904930456"
"Node41","Node22","0","0.122329698942858"
"Node45","Node22","0","0.0173385775523949"
"Node55","Node22","0","0.0379941911409797"
"Node67","Node22","0","0.0511666070538606"
"Node76","Node22","0","0.053817426537598"
"Node85","Node22","0","0.00246697806331856"
"Node88","Node22","0","0.118906436178398"
"Node5","Node23","0","0.0870964985360386"
"Node8","Node23","0","0.019537044242786"
"Node31","Node23","0","0.00976188279366154"
"Node33","Node23","0","0.0183805544286003"
"Node34","Node23","0","0.00675227065460777"
"Node41","Node23","0","0.111756912723185"
"Node44","Node23","0","0.0210787001125498"
"Node45","Node23","0","0.0834705251475306"
"Node53","Node23","0","0.0283173165837983"
"Node55","Node23","0","0.125453412559517"
"Node76","Node23","0","0"
"Node77","Node23","0","0.00507588240061986"
"Node93","Node23","0","0.03124210912774"
"Node30","Node24","0","0.0282781117654377"
"Node34","Node24","0","0.110646974312378"
"Node50","Node24","0","0.00395772348112274"
"Node84","Node24","0","0.0567129125898169"
"Node34","Node25","0","0.0780512337534921"
"Node43","Node25","0","0.175550234424019"
"Node45","Node25","0","0.00129238535658402"
"Node47","Node25","0","0.0506849885393496"
"Node53","Node25","0","0.0959845275986115"
"Node54","Node25","0","0"
"Node55","Node25","0","0.0134294378127084"
"Node71","Node25","0","0.0466758453455082"
"Node74","Node25","0","0.118247178025773"
"Node86","Node25","0","0.056028374526857"
"Node7","Node26","0","0.0084921834644414"
"Node29","Node26","0","0.0122114491279454"
"Node35","Node26","0","0.0206614880608501"
"Node39","Node26","0","0.0373888525275729"
"Node47","Node26","0","0.0503071454623365"
"Node56","Node26","0","0.008064995869943"
"Node66","Node26","0","0.0234009322797066"
"Node79","Node26","0","0.00274282230952194"
"Node96","Node26","0","0.0845602174429038"
"Node70","Node27","0","0.0552185983976424"
"Node29","Node28","0","0.00959994950708863"
"Node33","Node28","0","0.0458591106762904"
"Node36","Node28","0","0.0128544904323032"
"Node41","Node28","0","0.0298407894406434"
"Node62","Node28","0","0.119885813985227"
"Node64","Node28","0","0.0433980717099189"
"Node93","Node28","0","0.131265358046318"
"Node33","Node29","0","0.007158740888326"
"Node93","Node29","0","0.113905897219387"
"Node8","Node30","0","0.0500655619661878"
"Node33","Node30","0","0.0564955998652388"
"Node34","Node30","0","0.0657497485860223"
"Node76","Node30","0","0.00806031739875595"
"Node79","Node30","0","0.0624693541901848"
"Node88","Node30","0","0.0159353090832917"
"Node93","Node30","0","0.0524996144199014"
"Node8","Node31","0","0.016577496896382"
"Node33","Node31","0","0.0564697518380516"
"Node41","Node31","0","0.0452473749693881"
"Node67","Node31","0","0.0684672418576387"
"Node84","Node31","0","0.0240294255933252"
"Node95","Node31","0","0.0416430147131512"
"Node96","Node31","0","0.0010052502790087"
"Node67","Node32","0","0.0328721392482395"
"Node9","Node33","0","0.00931385128202636"
"Node34","Node33","0","0.128394425204127"
"Node36","Node33","0","0.00228649888784563"
"Node41","Node33","0","0.0395535831196376"
"Node44","Node33","0","0.0154263928068268"
"Node45","Node33","0","0.0339186177608466"
"Node46","Node33","0","0.0104605692489785"
"Node54","Node33","0","0.0348997033434238"
"Node62","Node33","0","4.07439001313566e-06"
"Node64","Node33","0","0.0140464670789398"
"Node76","Node33","0","0.0198028863144671"
"Node78","Node33","0","0.00501107108191466"
"Node79","Node33","0","0.0063747081339447"
"Node83","Node33","0","0.0618476709201088"
"Node84","Node33","0","0.020013034427765"
"Node86","Node33","0","0.0162502650154027"
"Node92","Node33","0","0.00293193559085894"
"Node93","Node33","0","0.0409799244430277"
"Node36","Node34","0","0.0209701690415691"
"Node44","Node34","0","0.00554388455850774"
"Node46","Node34","0","0.161010828919216"
"Node50","Node34","0","0.0151482555137604"
"Node53","Node34","0","0.0404900866445729"
"Node65","Node34","0","0.103459130680979"
"Node77","Node34","0","0.0236396361295254"
"Node78","Node34","0","0.024287726659484"
"Node79","Node34","0","0.0285707856301222"
"Node84","Node34","0","0.0510003288117123"
"Node86","Node34","0","0.0439377678770587"
"Node44","Node35","0","0.0969260766039495"
"Node67","Node35","0","0.0195671473560749"
"Node73","Node35","0","0.0535138233600337"
"Node4","Node36","0","0"
"Node37","Node36","0","0.0215970394150235"
"Node38","Node36","0","0.0408092562429282"
"Node39","Node36","0","0"
"Node43","Node36","0","0"
"Node46","Node36","0","0.0766775605678816"
"Node50","Node36","0","0.0265772111326105"
"Node54","Node36","0","0"
"Node64","Node36","0","0.134134413196481"
"Node76","Node36","0","0"
"Node77","Node36","0","0"
"Node78","Node36","0","0"
"Node84","Node36","0","0.00495247630075723"
"Node39","Node37","0","0.16115038128786"
"Node54","Node37","0","0.0101588474014273"
"Node89","Node37","0","0.00111882770688697"
"Node41","Node39","0","0.0136070164616233"
"Node43","Node39","0","0.00325164966955401"
"Node45","Node39","0","0.0998218536593418"
"Node52","Node39","0","0.00366358221684706"
"Node59","Node39","0","0.00684723019497557"
"Node71","Node39","0","0.040631531802336"
"Node77","Node39","0","0.0166010245329921"
"Node78","Node39","0","0.0153463029458226"
"Node79","Node39","0","0.00165283275179653"
"Node89","Node39","0","0.0781921075105428"
"Node91","Node39","0","0.0560245175104142"
"Node5","Node41","0","0.0507915307217923"
"Node9","Node41","0","0.0324931980436264"
"Node44","Node41","0","0.0798904574509018"
"Node49","Node41","0","0.0248414093856712"
"Node56","Node41","0","0.116853960469865"
"Node59","Node41","0","0.0396609878007729"
"Node60","Node41","0","0.10526484107459"
"Node65","Node41","0","0.0866276283378184"
"Node66","Node41","0","0.0585594613455755"
"Node72","Node41","0","0.0371480682325208"
"Node74","Node41","0","0"
"Node75","Node41","0","0.00275526025596381"
"Node79","Node41","0","0.00758561191371988"
"Node84","Node41","0","0.0230992118474337"
"Node85","Node41","0","0.0125308021627673"
"Node86","Node41","0","0.0521839089221717"
"Node88","Node41","0","0.0448297001904974"
"Node93","Node41","0","0.0652426055449019"
"Node96","Node41","0","0.00760190172206254"
"Node79","Node42","0","0.205198967052436"
"Node8","Node43","0","0.0662350297177473"
"Node9","Node43","0","0.11896737160494"
"Node44","Node43","0","0.0511235481172804"
"Node54","Node43","0","0.0444635643217841"
"Node62","Node43","0","0"
"Node76","Node43","0","0.058959432761189"
"Node77","Node43","0","0.00792625667940649"
"Node91","Node43","0","0.110833803155931"
"Node51","Node44","0","0.00198010683552607"
"Node54","Node44","0","0.00523217029245749"
"Node55","Node44","0","0.00307967291538554"
"Node60","Node44","0","0.0747259535840708"
"Node65","Node44","0","0.0169462089812551"
"Node67","Node44","0","0.160635576392717"
"Node76","Node44","0","0.0444326809082995"
"Node84","Node44","0","0.0158187195362036"
"Node47","Node45","0","0.0912169638603185"
"Node60","Node45","0","0.0729846319355569"
"Node62","Node45","0","0.0468731611818736"
"Node93","Node45","0","0.00030250878333352"
"Node96","Node45","0","0.00223904734810263"
"Node52","Node46","0","0.00317966163601589"
"Node76","Node46","0","0.0404810633782961"
"Node77","Node46","0","0.00258735168075367"
"Node79","Node46","0","0.0231134288523767"
"Node82","Node46","0","0.0468839472776536"
"Node88","Node46","0","0.0538515549555606"
"Node97","Node46","0","0.0118702116469967"
"Node5","Node47","0","0.100114122033073"
"Node49","Node47","0","0.0379412976048596"
"Node53","Node47","0","0.142619556921021"
"Node55","Node47","0","0.0429833637205628"
"Node76","Node47","0","0.086903660125581"
"Node97","Node47","0","0.0220285682669044"
"Node90","Node48","0","0.0253401517910198"
"Node51","Node49","0","0.00522628460251038"
"Node55","Node49","0","0.00512180423107689"
"Node62","Node49","0","0.0760291434620242"
"Node73","Node50","0","0"
"Node78","Node50","0","0.00732899822454071"
"Node60","Node51","0","0.0423554483164922"
"Node82","Node51","0","0.00671046592990361"
"Node53","Node52","0","0.0113895790525694"
"Node76","Node52","0","0"
"Node82","Node52","0","0.060253917771054"
"Node83","Node52","0","0.00607596102469074"
"Node84","Node52","0","0.0268802052668925"
"Node88","Node52","0","0.08282489740442"
"Node65","Node53","0","0"
"Node71","Node53","0","0.052277432102377"
"Node75","Node53","0","0.15879533153435"
"Node77","Node53","0","0.0121322078800968"
"Node8","Node54","0","0.0236937452144053"
"Node59","Node54","0","0.0190395815967238"
"Node64","Node54","0","0.0658909063173771"
"Node71","Node54","0","0.00133994664574419"
"Node77","Node54","0","0.0281356651322336"
"Node79","Node54","0","0.006412540032897"
"Node91","Node54","0","0.00395870605203169"
"Node76","Node55","0","0.0507282505677589"
"Node84","Node55","0","0.0435559374708684"
"Node57","Node56","0","0.0282623046335304"
"Node59","Node56","0","0.0300754644963724"
"Node71","Node56","0","0"
"Node69","Node57","0","0.0504521437075134"
"Node9","Node59","0","0.0207133751504062"
"Node65","Node59","0","0.0106764141969366"
"Node77","Node59","0","0.0309117017319933"
"Node88","Node59","0","0.0107800792268975"
"Node67","Node60","0","0.0683104447354596"
"Node96","Node60","0","0.0194336083437013"
"Node83","Node61","0","0.0868034172677703"
"Node66","Node62","0","0.0182684129784099"
"Node83","Node62","0","0.0332405962060298"
"Node70","Node63","0","0.00430360568733926"
"Node72","Node63","0","0.0860471652308191"
"Node83","Node63","0","0.100058539522561"
"Node85","Node63","0","0.0496530854667195"
"Node87","Node64","0","0.122664537027647"
"Node66","Node65","0","0.00445077009890563"
"Node96","Node67","0","0.042181097661494"
"Node83","Node69","0","0.0489703335267641"
"Node86","Node69","0","0.0609410860340185"
"Node92","Node69","0","0.0123764805172942"
"Node73","Node70","0","0.000204419561263059"
"Node83","Node70","0","0"
"Node90","Node70","0","0.0603248837660566"
"Node75","Node72","0","0.219380353277806"
"Node83","Node72","0","0.022362469442358"
"Node85","Node72","0","0.0350753988217909"
"Node97","Node73","0","0"
"Node86","Node74","0","0.00400781686250786"
"Node83","Node75","0","0.0346216398129955"
"Node86","Node75","0","0.0165583582154347"
"Node8","Node76","0","0.00302955637451449"
"Node9","Node76","0","0"
"Node79","Node76","0","0.0532752165536617"
"Node82","Node76","0","0.0113743410160782"
"Node85","Node76","0","0.0343803781338535"
"Node86","Node76","0","0.109424492304681"
"Node88","Node76","0","0.0520288545870863"
"Node93","Node76","0","0.0113006654051493"
"Node9","Node77","0","0"
"Node79","Node77","0","0.0706017927865146"
"Node86","Node77","0","0.0902246470580657"
"Node99","Node77","0","0.10641717553548"
"Node9","Node78","0","0.0386868276664138"
"Node8","Node79","0","0.000558488261720631"
"Node9","Node79","0","0.057462133796496"
"Node86","Node79","0","0.0339735215899887"
"Node88","Node79","0","0.00977572791648298"
"Node97","Node79","0","0.0131578370045905"
"Node86","Node83","0","0"
"Node87","Node85","0","0.137794854510802"
"Node88","Node85","0","0.0423172323097703"
"Node93","Node86","0","0.018252570144712"
"Node13","Node100","0","0.0963329847550829"
"Node63","Node100","0","0.0093493891928884"
"Node105","Node100","0","0.0913924080237993"
"Node108","Node100","0","0.000366177564134126"
"Node109","Node100","0","0.0666815966034114"
"Node110","Node100","0","0.181458747974773"
"Node20","Node101","0","0.160674094069153"
"Node102","Node101","0","0.0162986861375831"
"Node115","Node101","0","0.0128567547435238"
"Node32","Node102","0","0.0383286321598205"
"Node125","Node102","0","0.00226557158837264"
"Node114","Node103","0","0.0411562112908372"
"Node115","Node103","0","0.00568642483115777"
"Node65","Node104","0","0.0385993338921577"
"Node16","Node106","0","0.0057124483284852"
"Node29","Node106","0","0.113943193135223"
"Node3","Node107","0","0.0400001883635143"
"Node114","Node108","0","5.73729815592754e-05"
"Node54","Node109","0","0"
"Node90","Node109","0","0.0191013673258146"
"Node110","Node109","0","0.347955892112629"
"Node111","Node109","0","0.0695672088986643"
"Node90","Node110","0","0.0360371867830354"
"Node13","Node111","0","0.0428451056136428"
"Node69","Node112","0","0.0414644347523455"
"Node12","Node113","0","0.0425974839452254"
"Node16","Node113","0","0.00864160739430057"
"Node33","Node113","0","0.0298570120647777"
"Node34","Node113","0","0.0921363845661681"
"Node41","Node113","0","0.0216819445295649"
"Node50","Node113","0","0.169770527963429"
"Node63","Node113","0","0.0073181147502472"
"Node65","Node113","0","0.0239152279282046"
"Node78","Node113","0","0"
"Node79","Node113","0","0.000425991215526406"
"Node83","Node113","0","0.0737063325803493"
"Node88","Node113","0","0"
"Node27","Node114","0","0"
"Node34","Node114","0","0.00106875966481093"
"Node70","Node114","0","0"
"Node83","Node114","0","0.104715455720415"
"Node122","Node114","0","0.106806643417711"
"Node70","Node115","0","0.063295563864212"
"Node29","Node116","0","0.0757598321662591"
"Node33","Node116","0","0.0103583490603502"
"Node46","Node116","0","0.102200939528596"
"Node52","Node116","0","0"
"Node99","Node116","0","0.0781600977541177"
"Node33","Node117","0","0.00901934100315897"
"Node34","Node117","0","0.00629526877670516"
"Node77","Node117","0","0.0366053640793422"
"Node79","Node117","0","0"
"Node83","Node117","0","0.038682110283155"
"Node92","Node117","0","0.0281290329527425"
"Node93","Node117","0","0.0122977772505277"
"Node119","Node117","0","0"
"Node6","Node118","0","0.00564047749991034"
"Node33","Node118","0","0.0239994824326562"
"Node43","Node118","0","0.00175745435204943"
"Node57","Node118","0","0.0167136735964966"
"Node76","Node118","0","0.00469871516476734"
"Node77","Node118","0","0.0223702153028769"
"Node79","Node118","0","0.105146322112979"
"Node91","Node118","0","0.0565268935522371"
"Node124","Node118","0","0.0114886319661163"
"Node50","Node120","0","0.0378354862419249"
"Node99","Node120","0","0.0115125923336863"
"Node17","Node121","0","0.0943452679478333"
"Node57","Node121","0","0"
"Node76","Node122","0","0.109565802136498"
"Node82","Node122","0","0.00532605513546006"
"Node18","Node123","0","0.101092437036478"
"Node31","Node123","0","0.0309132942729054"
"Node36","Node123","0","0.0381410953125672"
"Node37","Node123","0","0.0238169942599003"
"Node39","Node123","0","0.0249253870756033"
"Node54","Node123","0","0.0249598867706961"
"Node76","Node123","0","0.0193809061800436"
"Node77","Node123","0","0.080428486896112"
"Node124","Node123","0","0.00300635407113438"
"Node14","Node124","0","0.0840547952983733"
"Node20","Node124","0","0.0886278435356165"
"Node30","Node124","0","0.0558733733928087"
"Node36","Node124","0","0.0111138600300581"
"Node37","Node124","0","0.0824995969301346"
"Node39","Node124","0","0.112995094119535"
"Node43","Node124","0","0.0677751980326154"
"Node58","Node124","0","0.164880794477035"
"Node77","Node124","0","0.0190228320936793"
"Node89","Node124","0","0.000287274418649143"
"Node61","Node125","0","0"
