"node1","node2","diff_w"
"Node9","Node1","0.0230540722823738"
"Node50","Node1","0.012184871535773"
"Node113","Node1","0.0501385333840459"
"Node122","Node1","0.103644802255286"
"Node23","Node2","-0.0393920412853947"
"Node30","Node2","0.203371605421274"
"Node46","Node2","0.123216810362672"
"Node53","Node2","0"
"Node65","Node2","0.0581471151706412"
"Node82","Node2","0"
"Node86","Node2","-0.0994246563979012"
"Node32","Node3","-0.0760693334575349"
"Node61","Node4","-0.167823880874786"
"Node64","Node4","-0.108342509423967"
"Node92","Node4","0.25635551144456"
"Node94","Node4","0.139053627371409"
"Node82","Node5","0.00823203440226354"
"Node7","Node6","-0.075673798622605"
"Node82","Node6","0"
"Node91","Node6","0.0630707373077131"
"Node73","Node7","0"
"Node90","Node7","-0.0207715421712913"
"Node91","Node7","0.017222619393488"
"Node91","Node8","-0.000113882494256007"
"Node93","Node9","0.180766170487466"
"Node97","Node9","0.214521515906904"
"Node26","Node10","0"
"Node54","Node10","-0.000991688436764413"
"Node77","Node10","0.150545824939428"
"Node96","Node10","0.0356699035951787"
"Node81","Node11","0"
"Node89","Node11","0"
"Node125","Node11","0"
"Node30","Node13","0.21877345097383"
"Node31","Node13","0.0917086850279773"
"Node32","Node13","0.170274439078281"
"Node43","Node13","0.251613346714926"
"Node44","Node13","0"
"Node45","Node13","0.0416578693512356"
"Node48","Node13","-0.059776644059613"
"Node51","Node13","0.0361316919392738"
"Node60","Node13","0.0157769742584648"
"Node62","Node13","0"
"Node65","Node13","0"
"Node15","Node14","-0.165447238688089"
"Node19","Node14","0"
"Node22","Node14","0.0392772350942812"
"Node28","Node14","0.0380220913718634"
"Node30","Node14","0"
"Node31","Node14","0"
"Node32","Node14","0.218337980845068"
"Node45","Node14","0.255581500690543"
"Node51","Node14","0"
"Node60","Node14","0.0458250176480085"
"Node62","Node14","0.0339576257284194"
"Node9","Node15","0.100643648980997"
"Node19","Node15","0"
"Node22","Node15","-0.208778263571017"
"Node23","Node15","-0.0140639761891874"
"Node26","Node15","0.227095842535125"
"Node27","Node15","0.173981526990735"
"Node28","Node15","-0.0994302528062605"
"Node30","Node15","0.0423779087410491"
"Node31","Node15","0.0234443763482446"
"Node32","Node15","0.0909232230641036"
"Node35","Node15","0.0630089307934938"
"Node41","Node15","0.0338637481754028"
"Node42","Node15","0.0520752543982706"
"Node44","Node15","0"
"Node45","Node15","0.0270985603108464"
"Node46","Node15","0.0776950690781352"
"Node51","Node15","0"
"Node65","Node15","0"
"Node67","Node15","0.219115390895788"
"Node75","Node15","0.0467817932123219"
"Node85","Node15","0.015497456602848"
"Node93","Node15","0"
"Node95","Node15","0"
"Node96","Node15","0"
"Node23","Node16","0.213291030051728"
"Node28","Node16","0.00211390018291144"
"Node55","Node16","0.0315414540582611"
"Node95","Node16","0"
"Node69","Node17","0.0680372587179422"
"Node88","Node17","0"
"Node19","Node18","0.318207840430774"
"Node39","Node18","0.346507756527599"
"Node43","Node18","-0.0300158553044555"
"Node46","Node18","0.00341314977862298"
"Node47","Node18","0.152540749864863"
"Node50","Node18","0.151472557999126"
"Node52","Node18","0.170970644806973"
"Node54","Node18","0.0525385637762672"
"Node56","Node18","0.299834071416602"
"Node59","Node18","0.540947903174345"
"Node72","Node18","0.11286670714504"
"Node74","Node18","0.184431280806528"
"Node78","Node18","0"
"Node82","Node18","0.129602181649518"
"Node84","Node18","0.10649585799778"
"Node85","Node18","0.122567177038611"
"Node86","Node18","0.263778216335012"
"Node91","Node18","0.307613437984719"
"Node97","Node18","0.195877352533312"
"Node9","Node19","0.382861563269558"
"Node23","Node19","0.201576312309766"
"Node28","Node19","0.239023670437735"
"Node30","Node19","0.169972706269885"
"Node35","Node19","0.005828408363418"
"Node43","Node19","0.563505336388885"
"Node45","Node19","0.124093841279376"
"Node47","Node19","0.1709468307022"
"Node49","Node19","0.0640697750619589"
"Node50","Node19","0.147135625721789"
"Node54","Node19","-0.0700387129567823"
"Node59","Node19","0.0340169067143852"
"Node65","Node19","0"
"Node67","Node19","0.0530005332832996"
"Node72","Node19","0.298883819857308"
"Node73","Node19","0.297123692987764"
"Node74","Node19","-0.16671633592074"
"Node75","Node19","0.0883074232119276"
"Node83","Node19","0.06604920395657"
"Node84","Node19","0.0618393504110569"
"Node85","Node19","0.0931650978821408"
"Node86","Node19","0.496876542860025"
"Node93","Node19","0.233285986518515"
"Node97","Node19","0.0247367151781046"
"Node57","Node20","0.0392755534372162"
"Node38","Node21","0"
"Node61","Node21","0.0585769958595025"
"Node25","Node22","-0.036622976865171"
"Node28","Node22","-0.0514804968929789"
"Node30","Node22","-0.0130184807021239"
"Node46","Node22","-0.090329038952486"
"Node47","Node22","0.0237440386375875"
"Node86","Node22","0.0660075070485996"
"Node9","Node23","-0.00464976500324466"
"Node26","Node23","0.0121073649838602"
"Node28","Node23","0.0617262600269214"
"Node30","Node23","0.09285328552638"
"Node47","Node23","-0.025988186023616"
"Node49","Node23","-0.00483552774551302"
"Node50","Node23","0.090176091308573"
"Node54","Node23","-0.0426513257738552"
"Node56","Node23","0.0458579746388877"
"Node65","Node23","-0.0395305222974734"
"Node84","Node23","0"
"Node27","Node24","0"
"Node42","Node24","0.0648548994630008"
"Node64","Node24","0.0381377660990862"
"Node69","Node24","0.114669927281925"
"Node72","Node24","0.0670373420463059"
"Node93","Node24","0.0527673964141866"
"Node44","Node25","0"
"Node49","Node25","-0.0275167157278124"
"Node28","Node26","-0.0753522372542475"
"Node30","Node26","-0.000123506746261992"
"Node31","Node26","-0.0968518423288775"
"Node37","Node26","0"
"Node41","Node26","0.020345129305272"
"Node44","Node26","-0.0523264616134759"
"Node45","Node26","-0.0292594853819597"
"Node46","Node26","0.00794038256535199"
"Node49","Node26","0.0019227605320198"
"Node51","Node26","0.281513051292489"
"Node54","Node26","0.00836043372410886"
"Node62","Node26","0.039561780047026"
"Node65","Node26","0.0319795778489849"
"Node67","Node26","-0.0793989869235889"
"Node77","Node26","0"
"Node78","Node26","-0.0680800166335183"
"Node82","Node26","-0.0061658413240007"
"Node31","Node27","0.0122675982536973"
"Node32","Node27","0.109920499287071"
"Node41","Node27","0.0480778256204189"
"Node42","Node27","0.139932724935757"
"Node52","Node27","0.0101547974612566"
"Node64","Node27","0.0817917609687261"
"Node67","Node27","0.0695884647677132"
"Node72","Node27","0.060186485849301"
"Node74","Node27","0.331774719124707"
"Node82","Node27","0.102713367701962"
"Node87","Node27","0.0978655282453158"
"Node94","Node27","0.163739235593693"
"Node97","Node27","0.0326944326014597"
"Node9","Node28","0.19258255287846"
"Node30","Node28","-0.014807122348807"
"Node31","Node28","0.0176663210003929"
"Node39","Node28","-0.072220715499268"
"Node44","Node28","0.23579993449934"
"Node45","Node28","-0.0616430405440689"
"Node46","Node28","-0.034511395010111"
"Node47","Node28","-0.121018105727898"
"Node48","Node28","0.316790409202587"
"Node49","Node28","-0.00598402682369201"
"Node50","Node28","0.0988111114227864"
"Node53","Node28","0.0253232212876578"
"Node54","Node28","0.0459674229239025"
"Node60","Node28","0.021683054753576"
"Node67","Node28","0.132291164081887"
"Node82","Node28","0.0256424847669274"
"Node84","Node28","0"
"Node85","Node28","0.0648942531644039"
"Node95","Node28","0.0569677769233019"
"Node96","Node28","-0.176487497459457"
"Node5","Node29","0"
"Node30","Node29","-0.00252714096243678"
"Node41","Node29","0.0513882595089382"
"Node44","Node29","0.141579785969375"
"Node46","Node29","-0.0468441193922481"
"Node49","Node29","0.003960786398642"
"Node56","Node29","0.185247999085851"
"Node78","Node29","-0.0686249460442318"
"Node79","Node29","0.137100508767266"
"Node82","Node29","0.184264920747718"
"Node84","Node29","0.341200913127649"
"Node85","Node29","0.0532415151913029"
"Node86","Node29","0.0107295046718836"
"Node97","Node29","0.233123156079317"
"Node9","Node30","0.318684277970676"
"Node31","Node30","0.0461054984481787"
"Node39","Node30","-0.0289436507718506"
"Node41","Node30","-0.0859719175127436"
"Node43","Node30","0.158572826948279"
"Node44","Node30","0.0610378060088832"
"Node45","Node30","0.0491754720872915"
"Node46","Node30","-0.085620101081664"
"Node47","Node30","0.0561139624027479"
"Node48","Node30","0.00148500935745273"
"Node49","Node30","0.130356281145516"
"Node50","Node30","0.212724821623865"
"Node51","Node30","0.0447404972588529"
"Node52","Node30","0.0353295153187732"
"Node53","Node30","0.0059386543315935"
"Node54","Node30","0.172660530786329"
"Node56","Node30","0.23733954396089"
"Node59","Node30","-0.0804737842672071"
"Node62","Node30","-0.0317842508594525"
"Node65","Node30","0.214869389278181"
"Node67","Node30","0.0402828334562192"
"Node72","Node30","0"
"Node73","Node30","0.039732088093592"
"Node74","Node30","0.229338393514945"
"Node77","Node30","-0.251781219703169"
"Node78","Node30","-0.129132528173778"
"Node82","Node30","0.138774482169311"
"Node83","Node30","0.0629732624564117"
"Node84","Node30","-0.0217522369981554"
"Node85","Node30","0.00739460318230816"
"Node86","Node30","0.119464449435481"
"Node91","Node30","0.164563917068229"
"Node97","Node30","0.0328863546051206"
"Node32","Node31","0.130647671086917"
"Node37","Node31","0.00989449639146531"
"Node39","Node31","0.00125074924449808"
"Node43","Node31","0.0685095382510545"
"Node44","Node31","-0.011402724941621"
"Node45","Node31","-0.0911678132903636"
"Node46","Node31","0.22534191804048"
"Node47","Node31","0.0192049406670389"
"Node48","Node31","0.184045277759656"
"Node49","Node31","-0.0170985010917923"
"Node50","Node31","0.0135965182242453"
"Node51","Node31","0.118112851940215"
"Node56","Node31","0.0068169998172955"
"Node62","Node31","0.0551974586363069"
"Node65","Node31","0.0010533933207679"
"Node68","Node31","0"
"Node72","Node31","0.0866694666090615"
"Node74","Node31","0.125655003874373"
"Node77","Node31","0.130450401744271"
"Node78","Node31","0.0885111735723163"
"Node82","Node31","0.00409726923762011"
"Node91","Node31","0.0541036465264717"
"Node6","Node32","0"
"Node37","Node32","0.145007128951237"
"Node42","Node32","0"
"Node44","Node32","0.0088039598796367"
"Node45","Node32","0.0586588415241167"
"Node60","Node32","0.154702738209775"
"Node87","Node32","0"
"Node8","Node34","0.065755773239127"
"Node94","Node34","0"
"Node6","Node35","0.0294585971605469"
"Node7","Node35","0.0586714844633379"
"Node45","Node35","-0.132425633494039"
"Node49","Node35","0"
"Node72","Node35","0.122123014566488"
"Node86","Node35","0.247472335891152"
"Node44","Node36","0"
"Node44","Node37","0.16756112060294"
"Node49","Node37","0.0912777950582083"
"Node58","Node37","0.0123960332321011"
"Node60","Node37","0.0167326228545748"
"Node62","Node37","0.11418828524969"
"Node77","Node37","0.0875917621520949"
"Node87","Node37","0.0383412002039358"
"Node44","Node39","0.0283395404843528"
"Node46","Node39","0"
"Node47","Node39","0.098944554373764"
"Node49","Node39","0"
"Node50","Node39","0.195379574677258"
"Node54","Node39","-0.244964853260694"
"Node56","Node39","0.0302831397008128"
"Node72","Node39","0.150479630810059"
"Node73","Node39","0.0141125474865552"
"Node74","Node39","0.0390049613829468"
"Node76","Node39","0.036064450207267"
"Node82","Node39","0"
"Node84","Node39","0.24848701423826"
"Node59","Node40","0.0155520459700718"
"Node79","Node40","0.23820944164549"
"Node82","Node40","0"
"Node45","Node41","-0.070542566868987"
"Node46","Node41","0.061415672820731"
"Node51","Node41","0.0414215018246477"
"Node53","Node41","0.0889498949248358"
"Node54","Node41","-0.0560937695372426"
"Node61","Node41","0.0929609219596221"
"Node62","Node41","-0.119310112853184"
"Node64","Node41","0"
"Node67","Node41","0.23376905580366"
"Node76","Node41","0.131010298005999"
"Node77","Node41","0"
"Node78","Node41","0.0891801774740157"
"Node82","Node41","0.19001558766598"
"Node83","Node41","0.0321759213242626"
"Node97","Node41","0.127642158606615"
"Node45","Node43","-0.119700685213009"
"Node46","Node43","0.34497090843813"
"Node47","Node43","0.0991172196176913"
"Node48","Node43","0.182330361276167"
"Node50","Node43","0.0337254086184546"
"Node53","Node43","0.00245218079893401"
"Node55","Node43","-0.0037794769881501"
"Node59","Node43","0.123863448084884"
"Node71","Node43","0.555058983208071"
"Node74","Node43","-0.192649504642838"
"Node83","Node43","0.0392071933341207"
"Node84","Node43","0.303200790411339"
"Node85","Node43","0.037753875058306"
"Node86","Node43","-0.357796982742769"
"Node97","Node43","0.0221417750953272"
"Node5","Node44","-0.0421798466463249"
"Node9","Node44","0.0187767421925481"
"Node45","Node44","-0.196914342848671"
"Node46","Node44","0.0096465307450881"
"Node49","Node44","-0.128355969235611"
"Node62","Node44","-0.125455792815775"
"Node74","Node44","0.0505823534660252"
"Node77","Node44","0"
"Node82","Node44","0.0969372395834542"
"Node86","Node44","0.131789781126239"
"Node96","Node44","-0.0800094277975534"
"Node7","Node45","0.0242915714700134"
"Node46","Node45","-0.017859021233861"
"Node49","Node45","0.107731543049049"
"Node51","Node45","0.0156028035663042"
"Node53","Node45","-0.0766299042925469"
"Node55","Node45","-0.176790937835339"
"Node65","Node45","0.0441184317639356"
"Node67","Node45","-0.151489413710977"
"Node73","Node45","0.181031846998536"
"Node86","Node45","0.129597768870173"
"Node91","Node45","0.0353897589858969"
"Node95","Node45","0.0555452394363419"
"Node9","Node46","0.0129858711473372"
"Node47","Node46","0.0545929000215194"
"Node59","Node46","0.0140517263712978"
"Node63","Node46","0.141722798535196"
"Node65","Node46","0.101074356843279"
"Node67","Node46","0.182329598664264"
"Node75","Node46","0.105021447482521"
"Node78","Node46","0.0491345066095474"
"Node83","Node46","0.00894304425092792"
"Node84","Node46","0.082537221860148"
"Node85","Node46","0.108755468385204"
"Node86","Node46","0.69316102534473"
"Node48","Node47","0.100585071185515"
"Node50","Node47","-0.0302667845872382"
"Node54","Node47","-0.0939343931885802"
"Node56","Node47","-0.0609821320647774"
"Node58","Node47","0"
"Node67","Node47","-0.0890902579012455"
"Node73","Node47","0.0999697566500588"
"Node74","Node47","0.118275155624278"
"Node84","Node47","0.130516615454311"
"Node85","Node47","0.216201999349211"
"Node51","Node48","0"
"Node54","Node48","0"
"Node65","Node48","0.222602782795999"
"Node72","Node48","0"
"Node85","Node48","0"
"Node91","Node48","0.0872891178680865"
"Node5","Node49","0.035286713696825"
"Node7","Node49","0"
"Node9","Node49","0.136668365798057"
"Node50","Node49","0.117731814243241"
"Node53","Node49","0"
"Node54","Node49","-0.172017750180898"
"Node56","Node49","-0.0456489441023889"
"Node65","Node49","0"
"Node74","Node49","0.307102106181508"
"Node77","Node49","0.0241183928858022"
"Node82","Node49","0.0107430586445145"
"Node84","Node49","0.178758032237531"
"Node86","Node49","0.00156148025053395"
"Node96","Node49","0.103155018520648"
"Node9","Node50","0.20776513126028"
"Node54","Node50","0.137739526230205"
"Node56","Node50","0.171610707817795"
"Node72","Node50","0"
"Node84","Node50","0.082777941391664"
"Node85","Node50","0.292463726365805"
"Node86","Node50","0.0949587907936615"
"Node91","Node50","0.00577048764154692"
"Node97","Node50","0.0470610462394763"
"Node54","Node51","0"
"Node62","Node51","0.190201021656226"
"Node65","Node51","0"
"Node77","Node51","0"
"Node78","Node51","0"
"Node89","Node51","0.0321859605765335"
"Node91","Node51","0"
"Node56","Node52","0.306235100890212"
"Node57","Node52","0.0733845517903428"
"Node59","Node52","0.188320122422545"
"Node69","Node52","0.114548846434403"
"Node72","Node52","0.052956893891406"
"Node85","Node52","-0.0545520216667194"
"Node97","Node52","0.298916007291558"
"Node9","Node53","0.152001147619837"
"Node55","Node53","0.070199894562173"
"Node63","Node53","0.257070601626063"
"Node69","Node53","0.237996287584088"
"Node70","Node53","0"
"Node72","Node53","0.0646411067847342"
"Node73","Node53","0.0979298304109544"
"Node76","Node53","-0.141100396045582"
"Node82","Node53","0.0916867384413035"
"Node84","Node53","0.421602911509879"
"Node85","Node53","0.00628203891446842"
"Node86","Node53","-0.0228605850683652"
"Node88","Node53","0.0867783705862954"
"Node93","Node53","-0.088869438284249"
"Node97","Node53","-0.0915793285018809"
"Node9","Node54","-0.272625306805454"
"Node56","Node54","0.0288263109458558"
"Node58","Node54","0"
"Node67","Node54","0"
"Node73","Node54","0"
"Node74","Node54","0.0374558636685382"
"Node76","Node54","0.246099693182999"
"Node78","Node54","-0.106347209557809"
"Node82","Node54","0.0569836931538984"
"Node84","Node54","-0.156396710488745"
"Node85","Node54","0.053029659481806"
"Node86","Node54","-0.13813910628652"
"Node96","Node54","0"
"Node73","Node55","0.148120910958202"
"Node6","Node56","0.00420331438918981"
"Node9","Node56","0.0286303696769111"
"Node67","Node56","0.176984671971418"
"Node72","Node56","0.0583149255746192"
"Node74","Node56","0.0817993293977967"
"Node78","Node56","0.146365451225253"
"Node82","Node56","0.423454306607614"
"Node84","Node56","-0.0120045171219972"
"Node85","Node56","-0.355092854736249"
"Node86","Node56","0.00203604639754085"
"Node93","Node56","0.00172541866330197"
"Node97","Node56","0.259534230314488"
"Node70","Node59","0.0506832799511519"
"Node71","Node59","0.0410005665626568"
"Node78","Node59","0.0540721259117937"
"Node79","Node59","-0.259995335200196"
"Node82","Node59","-0.116728554602268"
"Node86","Node59","0.0890333932721031"
"Node91","Node59","0.419802180859618"
"Node97","Node59","0.0719117338543848"
"Node62","Node60","0.157242218205055"
"Node63","Node61","0.0122518317120196"
"Node64","Node61","0.305076023398312"
"Node94","Node61","0.027754849330234"
"Node9","Node62","-0.0285509618300366"
"Node65","Node62","0"
"Node82","Node62","0.161361691344236"
"Node75","Node63","-0.038216170533938"
"Node75","Node64","0.0243345516871922"
"Node83","Node64","0.00742851350770667"
"Node94","Node64","0.251671336994282"
"Node9","Node65","0.008814548568162"
"Node70","Node65","0.154043333351792"
"Node72","Node65","0.0174098913486088"
"Node86","Node65","0.0464767272247671"
"Node9","Node67","0.0394683302610656"
"Node73","Node67","0.0674722463845893"
"Node74","Node67","0.112509468340116"
"Node82","Node67","0.0114119334294999"
"Node85","Node67","0.0126428050899027"
"Node93","Node67","0.257604562077429"
"Node97","Node67","0.0972370606394147"
"Node9","Node69","0.355344735992779"
"Node72","Node69","0.0775831983354926"
"Node88","Node69","0.0513184135376246"
"Node93","Node69","0.263120160685526"
"Node78","Node70","0.0769746822381187"
"Node77","Node71","0.0644012429333104"
"Node83","Node71","0.0171887595469989"
"Node85","Node71","0.540402608713902"
"Node91","Node71","0.024996010243792"
"Node97","Node71","0.069352076451492"
"Node9","Node72","0.0683144725967536"
"Node74","Node72","0.0649884741128985"
"Node82","Node72","0.00485087363577804"
"Node84","Node72","0.178906129715154"
"Node86","Node72","0.366267675522447"
"Node93","Node72","0"
"Node97","Node72","0.371877454897632"
"Node84","Node73","0.142794925525895"
"Node9","Node74","0"
"Node77","Node74","-0.0528378118534351"
"Node82","Node74","0.0948123252619331"
"Node84","Node74","0.026530316708625"
"Node91","Node74","0"
"Node9","Node75","0.140937472821355"
"Node93","Node75","0.354305135488457"
"Node94","Node75","0"
"Node97","Node75","0.0168778515947415"
"Node77","Node76","-0.247465113744494"
"Node83","Node76","0.30067862582682"
"Node84","Node76","0.0470588837845171"
"Node78","Node77","-0.0390876197253051"
"Node82","Node77","0.0223084191655486"
"Node84","Node77","-0.0883959645940097"
"Node97","Node77","-0.169952396904443"
"Node79","Node78","-0.135351424550553"
"Node82","Node78","0.037643589775015"
"Node84","Node78","0.092743753341836"
"Node88","Node78","0.0196651041258409"
"Node92","Node78","0.132559179050832"
"Node97","Node78","0.11476436555847"
"Node82","Node79","0.114172979801058"
"Node84","Node79","-0.035615288077665"
"Node9","Node82","0.0803609408606466"
"Node84","Node82","0.00375429784392882"
"Node86","Node82","0.0188563737728197"
"Node87","Node82","0.0918454280384692"
"Node88","Node82","0"
"Node93","Node82","0.00855638774262438"
"Node97","Node82","0.2991742974458"
"Node9","Node83","-0.0275772831691413"
"Node85","Node83","0.235050070143408"
"Node88","Node83","0.00393034014827869"
"Node93","Node83","0.252753390902834"
"Node97","Node83","0.276700431029783"
"Node9","Node84","0.0917299551033609"
"Node85","Node84","0.62367421094765"
"Node86","Node84","0.215773252957815"
"Node97","Node84","0.0272354864116632"
"Node9","Node85","0.17291900064558"
"Node86","Node85","0.119739542565749"
"Node93","Node85","0.243893633237749"
"Node97","Node85","-0.0622469864641008"
"Node9","Node86","0.218919498892986"
"Node93","Node88","0.0918192264376006"
"Node97","Node88","0.035221311852021"
"Node97","Node93","0.261069488896479"
"Node96","Node95","0"
"Node99","Node98","0.166382696656632"
"Node41","Node100","0.0272902811708775"
"Node61","Node100","0.0259525134061226"
"Node64","Node100","0.0949398239834949"
"Node90","Node100","-0.0420274591280065"
"Node94","Node100","0.194590953173495"
"Node5","Node101","0"
"Node60","Node101","0.0221885962952262"
"Node95","Node101","0"
"Node47","Node102","0.00684932441252154"
"Node74","Node102","-0.00696097358644869"
"Node89","Node102","0.0478592461788169"
"Node104","Node102","0.21075582599274"
"Node70","Node103","0.211394025020457"
"Node76","Node103","0.0275394020857074"
"Node19","Node104","0.08937726225437"
"Node27","Node104","0.0663223053048773"
"Node35","Node104","0.0798290740235978"
"Node55","Node104","0.0714122619977945"
"Node72","Node104","0.113725767358036"
"Node73","Node104","0.142953318494536"
"Node74","Node104","0.23536384922678"
"Node113","Node104","0.013692901202885"
"Node76","Node105","0.0141541886754987"
"Node90","Node105","0.633241488286268"
"Node110","Node105","0.137009974572179"
"Node37","Node106","0"
"Node108","Node106","0"
"Node109","Node106","0.349477341807175"
"Node36","Node107","0"
"Node109","Node107","0.200850218234365"
"Node19","Node108","0.00358197682162412"
"Node28","Node108","0.122251738815524"
"Node35","Node108","0"
"Node52","Node108","0.0348802473592129"
"Node56","Node108","0.129294830498187"
"Node118","Node108","0.0836099337044208"
"Node64","Node109","0.00187447639139329"
"Node111","Node110","-0.0498097880600009"
"Node8","Node111","0"
"Node41","Node111","0"
"Node70","Node111","0.0188555190390047"
"Node113","Node112","0.0982891709019122"
"Node114","Node112","0.0788808196159162"
"Node115","Node112","0.0736864757627489"
"Node9","Node113","0.364089389495617"
"Node23","Node113","0.00353891570171485"
"Node27","Node113","0.0187270778329444"
"Node28","Node113","0.195510156690775"
"Node29","Node113","0.059683059089662"
"Node30","Node113","0.335438448129954"
"Node31","Node113","0.191712097616061"
"Node43","Node113","0.178843984278888"
"Node44","Node113","0.0399311736572428"
"Node45","Node113","0.0164056608644187"
"Node46","Node113","0.141721940986144"
"Node48","Node113","0"
"Node52","Node113","0.177765473332263"
"Node53","Node113","0.0453730132970938"
"Node56","Node113","0.0223895303402894"
"Node59","Node113","0.0336274716393826"
"Node62","Node113","0"
"Node69","Node113","0.132382865339457"
"Node70","Node113","-0.0317962817123862"
"Node71","Node113","0.0648099667209168"
"Node72","Node113","0.353373287877454"
"Node74","Node113","5.30818057930215e-05"
"Node82","Node113","0.16699979130373"
"Node84","Node113","0.200524959708745"
"Node85","Node113","0.192521039272206"
"Node86","Node113","0.237558024274116"
"Node97","Node113","0.0401197755237879"
"Node114","Node113","-0.00215743628445471"
"Node115","Node113","0.213215732495169"
"Node116","Node113","0.150869462795662"
"Node117","Node113","0.221277972701078"
"Node122","Node113","0.227722782428069"
"Node46","Node114","0"
"Node53","Node114","-0.0518760110654852"
"Node63","Node114","0.304141011196422"
"Node69","Node114","0.0554889919873085"
"Node82","Node114","0"
"Node86","Node114","0.0601535670408708"
"Node115","Node114","0.0969064873116409"
"Node117","Node114","0.0213245828291382"
"Node15","Node115","0.122531366926752"
"Node16","Node115","0.0350202334643054"
"Node22","Node115","0"
"Node23","Node115","0.0851678124676968"
"Node26","Node115","0"
"Node27","Node115","0.0176694270683225"
"Node28","Node115","0.0159261225154847"
"Node30","Node115","0.0436266246174077"
"Node39","Node115","0.00537111191473131"
"Node41","Node115","0.0848087737830085"
"Node44","Node115","0.0793799754255281"
"Node45","Node115","0"
"Node46","Node115","0.015805298281126"
"Node53","Node115","0.0219023058054127"
"Node55","Node115","0.062962413582173"
"Node63","Node115","0.0517810385004419"
"Node65","Node115","0.0960635226206629"
"Node76","Node115","0.348762962856913"
"Node83","Node115","0.113154484745459"
"Node9","Node116","0.257192768297051"
"Node18","Node116","0.190558205548911"
"Node24","Node116","0.209577266962032"
"Node39","Node116","0.08469161558517"
"Node53","Node116","0.161593793979038"
"Node54","Node116","0.0557185673964167"
"Node56","Node116","0.0730972153298885"
"Node69","Node116","0.485819837702754"
"Node72","Node116","0.052236047456682"
"Node74","Node116","0.0439320081395742"
"Node76","Node116","0.0714327362498211"
"Node82","Node116","0.281249771975205"
"Node83","Node116","0.211609866321189"
"Node84","Node116","0.00644074860531432"
"Node85","Node116","-0.149887113791124"
"Node86","Node116","0.257681358027939"
"Node88","Node116","0.0804936583824391"
"Node93","Node116","0.176683469592623"
"Node97","Node116","0.00695321747512346"
"Node117","Node116","0.183495903358462"
"Node118","Node116","0.0970975581901675"
"Node122","Node116","0.421673151437686"
"Node18","Node117","0.355133382298361"
"Node19","Node117","0.0438943415200727"
"Node52","Node117","0.27880458610637"
"Node54","Node117","0.127447763440034"
"Node56","Node117","0.218159565597076"
"Node69","Node117","-0.173196938702105"
"Node72","Node117","0.386192839489112"
"Node78","Node117","-0.214649499978361"
"Node84","Node117","0.327229247565095"
"Node85","Node117","0.00400781111604535"
"Node86","Node117","0.0122856273171768"
"Node88","Node117","0.124453847738475"
"Node97","Node117","0.0407004746839945"
"Node118","Node117","0.209806134635231"
"Node122","Node117","0.126874991403791"
"Node18","Node118","0.356952432278115"
"Node19","Node118","0.00644490605225042"
"Node30","Node118","0.0101165843312544"
"Node54","Node118","0.00775588437515185"
"Node56","Node118","0.262515059947985"
"Node59","Node118","-0.138814794171476"
"Node69","Node118","-0.101398168912112"
"Node78","Node118","-0.0365117517946089"
"Node82","Node118","0.330642060728428"
"Node86","Node118","0.50388438743617"
"Node88","Node118","0.174032600207515"
"Node92","Node118","0.0518089732236674"
"Node93","Node118","0.0367742997974495"
"Node121","Node118","0.0853924244955542"
"Node3","Node121","0"
"Node51","Node121","0.113916218455283"
"Node89","Node121","0.181397887255352"
"Node124","Node121","0.218870368791483"
"Node125","Node121","0.537754855827515"
"Node9","Node122","0.094370970829724"
"Node50","Node122","0.0686578649904537"
"Node52","Node122","0.0758597085251341"
"Node53","Node122","-0.0581485278047371"
"Node56","Node122","0.0426738827999473"
"Node69","Node122","-0.0173576658747878"
"Node72","Node122","0.304227389096001"
"Node83","Node122","-0.180603420105214"
"Node85","Node122","0.648323564501067"
"Node86","Node122","0.286117596731192"
"Node91","Node123","0"
"Node99","Node123","-0.288119879580091"
"Node18","Node124","0.113214085521842"
"Node26","Node124","0.0847844733815965"
"Node51","Node124","0.0753746920843951"
"Node52","Node124","0.0274151996716808"
"Node56","Node124","0"
"Node78","Node124","-0.141130116678333"
"Node24","Node125","0.0277473990952231"
"Node51","Node125","0"
"Node89","Node125","0.913096643653251"
"Node13","Node1","0"
"Node90","Node1","0"
"Node125","Node1","-0.0260678416765756"
"Node33","Node2","-0.349689983189085"
"Node34","Node2","-0.0351046748274704"
"Node43","Node2","-0.0437034082314259"
"Node44","Node2","0"
"Node51","Node2","0.219700604003698"
"Node62","Node2","0.039561780047026"
"Node74","Node2","0.306372422921365"
"Node83","Node2","-0.181825811812836"
"Node84","Node2","-0.177625392374835"
"Node58","Node3","-0.0069072120685012"
"Node8","Node4","-0.193131631174636"
"Node54","Node4","-0.224180814855341"
"Node75","Node4","0.0710432092290019"
"Node87","Node4","0"
"Node54","Node5","-0.00425093629449672"
"Node55","Node5","-0.194085481885734"
"Node84","Node5","-0.0600451544720021"
"Node85","Node5","-0.184010781786194"
"Node86","Node5","-0.162553524828665"
"Node93","Node5","-0.043269455350534"
"Node58","Node10","0"
"Node78","Node10","-0.0602393067293341"
"Node124","Node10","-0.346572693423536"
"Node12","Node11","-0.161919237926791"
"Node26","Node11","0"
"Node92","Node11","0.0731066860308873"
"Node34","Node12","-0.155391777357873"
"Node90","Node13","-0.0921473045954723"
"Node44","Node14","0"
"Node76","Node14","-0.012887343640826"
"Node93","Node14","-0.303980299597463"
"Node33","Node15","0"
"Node48","Node15","0"
"Node55","Node15","-0.0515321923396863"
"Node76","Node15","-0.0550294177215024"
"Node30","Node16","-0.0746108565406693"
"Node41","Node16","-0.133613545043134"
"Node49","Node16","0"
"Node60","Node16","0"
"Node62","Node16","0"
"Node88","Node16","-0.165474571892258"
"Node36","Node18","0"
"Node37","Node18","-0.00672449330910325"
"Node2","Node19","0"
"Node25","Node19","-0.00931359290166069"
"Node34","Node19","-0.0163592964289606"
"Node60","Node19","-0.0943436466586451"
"Node69","Node19","0"
"Node77","Node19","-0.000328244364229644"
"Node58","Node20","-0.0823733037482809"
"Node78","Node20","-0.258533070832131"
"Node79","Node20","-0.174713185249973"
"Node88","Node20","-0.00265490585566521"
"Node24","Node21","0"
"Node30","Node21","-0.171400295748016"
"Node31","Node21","0"
"Node33","Node21","-0.246343284106568"
"Node34","Node21","-0.165473481598326"
"Node77","Node21","0"
"Node78","Node21","0"
"Node79","Node21","-0.138604487922822"
"Node5","Node22","-0.148993802143838"
"Node23","Node22","-0.0393920412853947"
"Node26","Node22","0"
"Node31","Node22","0"
"Node41","Node22","-0.0214242986944215"
"Node45","Node22","-0.053581490857453"
"Node55","Node22","-0.0303820154185824"
"Node67","Node22","-0.00532205978567513"
"Node76","Node22","-0.230410405285255"
"Node85","Node22","-0.00563697531008784"
"Node88","Node22","-0.0637285433492756"
"Node5","Node23","-0.0240639209425383"
"Node8","Node23","0"
"Node31","Node23","-0.030933874998397"
"Node33","Node23","-0.102200321043142"
"Node34","Node23","0"
"Node41","Node23","-0.0290705048252125"
"Node44","Node23","-0.126035688039012"
"Node45","Node23","-0.126944587150028"
"Node53","Node23","-0.264358769521242"
"Node55","Node23","-0.0381019532687943"
"Node76","Node23","-0.00584660926985812"
"Node77","Node23","-0.0588946738044141"
"Node93","Node23","0"
"Node30","Node24","0"
"Node34","Node24","-0.0367575952719054"
"Node50","Node24","0"
"Node84","Node24","-0.00834007213991794"
"Node34","Node25","-0.0585327267460582"
"Node43","Node25","-0.0721734957744678"
"Node45","Node25","-0.275191161372641"
"Node47","Node25","-0.135978169024662"
"Node53","Node25","-0.278837176085159"
"Node54","Node25","-0.0279164377044854"
"Node55","Node25","-0.0927606848345829"
"Node71","Node25","-0.00869713913198897"
"Node74","Node25","-0.00563965509207068"
"Node86","Node25","-0.30733225705647"
"Node7","Node26","0"
"Node29","Node26","0"
"Node35","Node26","0"
"Node39","Node26","0"
"Node47","Node26","-0.00437761033550452"
"Node56","Node26","-0.0641276107624716"
"Node66","Node26","0"
"Node79","Node26","0"
"Node96","Node26","-0.181424387011825"
"Node70","Node27","-0.0194395679978134"
"Node29","Node28","-0.0845415130513487"
"Node33","Node28","-0.00217570866559239"
"Node36","Node28","-0.117888783269587"
"Node41","Node28","-0.0809121190974441"
"Node62","Node28","-0.105300625625511"
"Node64","Node28","0"
"Node93","Node28","-0.110092125004872"
"Node33","Node29","0"
"Node93","Node29","-0.242352680394559"
"Node8","Node30","0"
"Node33","Node30","-0.0805185626029994"
"Node34","Node30","-0.0947172864425911"
"Node76","Node30","-0.131082709544587"
"Node79","Node30","-0.0629661956360735"
"Node88","Node30","-0.0285427892264774"
"Node93","Node30","-0.0355913838439455"
"Node8","Node31","0"
"Node33","Node31","-0.00252105214017017"
"Node41","Node31","-0.008320565095815"
"Node67","Node31","-0.00817391696468952"
"Node84","Node31","0"
"Node95","Node31","0"
"Node96","Node31","0"
"Node67","Node32","0"
"Node9","Node33","0"
"Node34","Node33","-0.0894814148859119"
"Node36","Node33","0"
"Node41","Node33","-0.148991967607473"
"Node44","Node33","-0.12704658823404"
"Node45","Node33","0"
"Node46","Node33","0"
"Node54","Node33","-0.155840393507663"
"Node62","Node33","0"
"Node64","Node33","0"
"Node76","Node33","-0.192323541410638"
"Node78","Node33","-0.142315240931658"
"Node79","Node33","-0.0961377635929362"
"Node83","Node33","-0.0110942958623076"
"Node84","Node33","-0.0604312158957803"
"Node86","Node33","0"
"Node92","Node33","0"
"Node93","Node33","0"
"Node36","Node34","-0.13569759967418"
"Node44","Node34","0"
"Node46","Node34","-0.0631832997392325"
"Node50","Node34","-0.200378281667071"
"Node53","Node34","-0.00582043200594975"
"Node65","Node34","-0.0790877152131479"
"Node77","Node34","-0.0762912767968026"
"Node78","Node34","-0.00227360968654224"
"Node79","Node34","-0.0472130303423379"
"Node84","Node34","-0.176411782510316"
"Node86","Node34","-0.102770844428359"
"Node44","Node35","0"
"Node67","Node35","-0.0242488981088858"
"Node73","Node35","-0.140314569510061"
"Node4","Node36","-0.0204508399184725"
"Node37","Node36","0"
"Node38","Node36","0"
"Node39","Node36","-0.0229074588065796"
"Node43","Node36","-0.00618730874469141"
"Node46","Node36","-0.157878570964176"
"Node50","Node36","-0.103180256558671"
"Node54","Node36","-0.0636595422961219"
"Node64","Node36","-0.0358364544816697"
"Node76","Node36","-0.0358427389505525"
"Node77","Node36","-0.0279192543000679"
"Node78","Node36","-0.0291004687315349"
"Node84","Node36","-0.0293440780901568"
"Node39","Node37","-0.130198873549726"
"Node54","Node37","0"
"Node89","Node37","-0.0558500184737822"
"Node41","Node39","-0.0181985902726764"
"Node43","Node39","-0.285703488286746"
"Node45","Node39","-0.0842061827155667"
"Node52","Node39","0"
"Node59","Node39","0"
"Node71","Node39","-0.155130504319834"
"Node77","Node39","-0.102820423921993"
"Node78","Node39","-0.00515613456738494"
"Node79","Node39","0"
"Node89","Node39","-0.12792970065018"
"Node91","Node39","-0.0707382071731994"
"Node5","Node41","-0.0588897018498316"
"Node9","Node41","-0.0886244262712331"
"Node44","Node41","-0.047838870376062"
"Node49","Node41","-0.0123091167916731"
"Node56","Node41","-0.0284865941299222"
"Node59","Node41","-0.00795626364663306"
"Node60","Node41","-0.067554723351112"
"Node65","Node41","-0.0360637929126247"
"Node66","Node41","-0.133179492840505"
"Node72","Node41","-0.00910645467029327"
"Node74","Node41","-0.00988856344024456"
"Node75","Node41","0"
"Node79","Node41","-0.118286763548299"
"Node84","Node41","-0.0936004720984072"
"Node85","Node41","-0.266545168929659"
"Node86","Node41","-0.0724861360387883"
"Node88","Node41","-0.144107605180133"
"Node93","Node41","-0.0428254704704089"
"Node96","Node41","0"
"Node79","Node42","-0.0172020653290067"
"Node8","Node43","-0.00182838825673185"
"Node9","Node43","-0.0614638559656319"
"Node44","Node43","-0.0696496949933644"
"Node54","Node43","-0.30237828811585"
"Node62","Node43","-0.0199908019158266"
"Node76","Node43","-0.0460915944163624"
"Node77","Node43","-0.112540584689968"
"Node91","Node43","-0.040871085957454"
"Node51","Node44","0"
"Node54","Node44","-0.0511709085705742"
"Node55","Node44","0"
"Node60","Node44","-0.00993165260711073"
"Node65","Node44","0"
"Node67","Node44","-0.0615426257818768"
"Node76","Node44","0"
"Node84","Node44","0"
"Node47","Node45","-0.0107862551364357"
"Node60","Node45","-0.0689067969220374"
"Node62","Node45","-0.212724343719047"
"Node93","Node45","0"
"Node96","Node45","0"
"Node52","Node46","0"
"Node76","Node46","-0.217686174318159"
"Node77","Node46","-0.0836495952105731"
"Node79","Node46","-0.0567033442470798"
"Node82","Node46","-0.196698901875773"
"Node88","Node46","0"
"Node97","Node46","-0.0451904807323825"
"Node5","Node47","-0.176500831163453"
"Node49","Node47","-0.0386430585714416"
"Node53","Node47","-0.0995669668236772"
"Node55","Node47","-0.0936191778623445"
"Node76","Node47","-0.153409649350312"
"Node97","Node47","0"
"Node90","Node48","-0.0747624089219788"
"Node51","Node49","0"
"Node55","Node49","0"
"Node62","Node49","-0.0897451131840476"
"Node73","Node50","-0.00389829633109369"
"Node78","Node50","0"
"Node60","Node51","-0.0156973361170096"
"Node82","Node51","-0.0349000935003295"
"Node53","Node52","-0.00209192904355728"
"Node76","Node52","-0.0729040238420669"
"Node82","Node52","-0.1697814098016"
"Node83","Node52","0"
"Node84","Node52","-0.0225061766578609"
"Node88","Node52","-0.195682276269255"
"Node65","Node53","-0.0495080868930153"
"Node71","Node53","-0.31287142431471"
"Node75","Node53","-0.163646865093659"
"Node77","Node53","0"
"Node8","Node54","-0.124341547547266"
"Node59","Node54","-0.00929598955901094"
"Node64","Node54","-0.0226615552431499"
"Node71","Node54","-0.00349737477673051"
"Node77","Node54","-0.309906859170161"
"Node79","Node54","-0.00642122334100544"
"Node91","Node54","-0.064893494109487"
"Node76","Node55","-0.0472749436877232"
"Node84","Node55","-0.105003191309743"
"Node57","Node56","0"
"Node59","Node56","-0.135500093239786"
"Node71","Node56","-0.0328532008192703"
"Node69","Node57","-0.105588397893489"
"Node9","Node59","-0.0444489995999264"
"Node65","Node59","-0.206391083155559"
"Node77","Node59","-0.206903022589452"
"Node88","Node59","0"
"Node67","Node60","-0.161333233790919"
"Node96","Node60","-0.0374978221017312"
"Node83","Node61","-0.113590617404913"
"Node66","Node62","-0.00163633282851382"
"Node83","Node62","0"
"Node70","Node63","-0.0725955079671433"
"Node72","Node63","-0.0945405649303208"
"Node83","Node63","-0.120436006980103"
"Node85","Node63","-0.191444151824806"
"Node87","Node64","-0.107016831740829"
"Node66","Node65","-0.0321571126489366"
"Node96","Node67","-0.132447468986918"
"Node83","Node69","-0.123686260809467"
"Node86","Node69","-0.137284859266101"
"Node92","Node69","0"
"Node73","Node70","0"
"Node83","Node70","-0.0668663498535194"
"Node90","Node70","-0.0207715421712913"
"Node75","Node72","-0.0566310722524813"
"Node83","Node72","-0.0341210858004749"
"Node85","Node72","-0.0205486744914715"
"Node97","Node73","-0.0433049051513734"
"Node86","Node74","0"
"Node83","Node75","-0.0904005553878811"
"Node86","Node75","-0.194797834999536"
"Node8","Node76","0"
"Node9","Node76","-0.0177388668763191"
"Node79","Node76","-0.0743042630615081"
"Node82","Node76","-0.0279222210198027"
"Node85","Node76","-0.177138866516424"
"Node86","Node76","-0.129279195331196"
"Node88","Node76","0"
"Node93","Node76","-0.0209013284174877"
"Node9","Node77","-0.0668705490840519"
"Node79","Node77","-0.0991692141857145"
"Node86","Node77","-0.0381465102979001"
"Node99","Node77","-0.02092868598325"
"Node9","Node78","-0.0844261169358915"
"Node8","Node79","0"
"Node9","Node79","-0.0935538615410823"
"Node86","Node79","-0.352299996783596"
"Node88","Node79","-0.0247925897782019"
"Node97","Node79","-0.00458774085853559"
"Node86","Node83","-0.000836003151849706"
"Node87","Node85","-0.145407991241535"
"Node88","Node85","-0.184428429359228"
"Node93","Node86","-0.00236969116124301"
"Node13","Node100","-0.0900026433910898"
"Node63","Node100","0"
"Node105","Node100","-0.0799603623759016"
"Node108","Node100","0"
"Node109","Node100","0"
"Node110","Node100","-0.0142094504740007"
"Node20","Node101","-0.0715277380301247"
"Node102","Node101","0"
"Node115","Node101","-0.0360624285590522"
"Node32","Node102","-0.0122806594306176"
"Node125","Node102","-0.000806984687300581"
"Node114","Node103","-0.0299977708440577"
"Node115","Node103","0"
"Node65","Node104","0"
"Node16","Node106","0"
"Node29","Node106","-0.100836162763105"
"Node3","Node107","-0.0244533061229418"
"Node114","Node108","0"
"Node54","Node109","-0.000991688436764413"
"Node90","Node109","0"
"Node110","Node109","-0.0906319055851032"
"Node111","Node109","0"
"Node90","Node110","-0.237253916363229"
"Node13","Node111","-0.0750466617840459"
"Node69","Node112","-0.220409586547119"
"Node12","Node113","-0.0737701755785429"
"Node16","Node113","-0.0645889812999696"
"Node33","Node113","0"
"Node34","Node113","-0.15919218944955"
"Node41","Node113","0"
"Node50","Node113","-0.106600385779842"
"Node63","Node113","0"
"Node65","Node113","-0.113428795854896"
"Node78","Node113","-0.0198429040240456"
"Node79","Node113","-0.0678800596307233"
"Node83","Node113","-0.210804439313485"
"Node88","Node113","-0.0782551189576508"
"Node27","Node114","-0.0144654913777303"
"Node34","Node114","0"
"Node70","Node114","-0.135289893128375"
"Node83","Node114","-0.253538131042057"
"Node122","Node114","-0.0972922411730203"
"Node70","Node115","-0.132541527841505"
"Node29","Node116","-0.0937073366020089"
"Node33","Node116","0"
"Node46","Node116","-0.253736102962226"
"Node52","Node116","-0.0297161790259324"
"Node99","Node116","-0.0990349207559172"
"Node33","Node117","0"
"Node34","Node117","-0.0071621298622955"
"Node77","Node117","-0.013681824001356"
"Node79","Node117","-0.0434203202674559"
"Node83","Node117","-0.0856256250936192"
"Node92","Node117","-0.00858217864338203"
"Node93","Node117","0"
"Node119","Node117","-0.0260512353335694"
"Node6","Node118","0"
"Node33","Node118","-0.142358916327169"
"Node43","Node118","-0.492678236818831"
"Node57","Node118","-0.234524746270643"
"Node76","Node118","0"
"Node77","Node118","0"
"Node79","Node118","-0.120549291884567"
"Node91","Node118","0"
"Node124","Node118","0"
"Node50","Node120","0"
"Node99","Node120","-0.0687885094258564"
"Node17","Node121","-0.164486749830374"
"Node57","Node121","-0.0600013929660128"
"Node76","Node122","-0.106089798097786"
"Node82","Node122","-0.050173646786325"
"Node18","Node123","-0.225277373555697"
"Node31","Node123","-0.0227153085943409"
"Node36","Node123","-0.0218868540345025"
"Node37","Node123","0"
"Node39","Node123","0"
"Node54","Node123","0"
"Node76","Node123","0"
"Node77","Node123","-0.247003051653099"
"Node124","Node123","0"
"Node14","Node124","-0.0488535127031093"
"Node20","Node124","-0.0379872326181997"
"Node30","Node124","-0.053642232226872"
"Node36","Node124","-0.101112100686759"
"Node37","Node124","-0.0201889311221793"
"Node39","Node124","-0.294573808721028"
"Node43","Node124","-0.153527830249278"
"Node58","Node124","-0.30661442843735"
"Node77","Node124","-0.0507228681395891"
"Node89","Node124","-0.148381261012647"
"Node61","Node125","-0.0307560774401994"
